PDF Filename,Doc Type,Exam Session,Set,Q or Ans,PDF Size (bytes),MD Exists,MD Status,MD Size (bytes),MD Lines,MD Word Count
CAInter-AdvAcc-MTP-ICAI-Practice-Ans.pdf,MTP-Special,ICAI Practice,N/A,Answers only,17562231,Yes,BLANK,2,1,0
CAInter-AdvAcc-MTP-ICAI-Practice-Q.pdf,MTP-Special,ICAI Practice,N/A,Questions only,19853670,Yes,BLANK,2,1,0
CAInter-AdvAcc-MTP-Jan2025-Set1-Ans.pdf,MTP,Jan 2025,Set 1,Answers only,306722,Yes,Has content,47994,791,7417
CAInter-AdvAcc-MTP-Jan2025-Set1-Q.pdf,MTP,Jan 2025,Set 1,Questions only,312824,Yes,Has content,22312,435,3763
CAInter-AdvAcc-MTP-Jan2025-Set2-Ans.pdf,MTP,Jan 2025,Set 2,Answers only,622654,Yes,Has content,48382,713,6987
CAInter-AdvAcc-MTP-Jan2025-Set2-Q.pdf,MTP,Jan 2025,Set 2,Questions only,215676,Yes,Has content,21836,432,3530
CAInter-AdvAcc-MTP-Jan2026-Set1-Ans.pdf,MTP,Jan 2026,Set 1,Answers only,362344,Yes,Has content,54807,795,7962
CAInter-AdvAcc-MTP-Jan2026-Set1-Q.pdf,MTP,Jan 2026,Set 1,Questions only,200362,Yes,Has content,26492,485,4270
CAInter-AdvAcc-MTP-Jan2026-Set2-Ans.pdf,MTP,Jan 2026,Set 2,Answers only,261649,Yes,Has content,50078,720,6972
CAInter-AdvAcc-MTP-Jan2026-Set2-Q.pdf,MTP,Jan 2026,Set 2,Questions only,198034,Yes,Has content,22488,427,3788
CAInter-AdvAcc-MTP-May2023-Set1-Ans.pdf,MTP,May 2023,Set 1,Answers only,408569,Yes,Has content,55415,607,7902
CAInter-AdvAcc-MTP-May2023-Set1-Q.pdf,MTP,May 2023,Set 1,Questions only,227980,Yes,Has content,19173,318,3041
CAInter-AdvAcc-MTP-May2023-Set2-Ans.pdf,MTP,May 2023,Set 2,Answers only,358727,Yes,Has content,44124,531,6901
CAInter-AdvAcc-MTP-May2023-Set2-Q.pdf,MTP,May 2023,Set 2,Questions only,198501,Yes,Has content,20888,295,3169
CAInter-AdvAcc-MTP-May2024-Set1-Ans.pdf,MTP,May 2024,Set 1,Answers only,315845,Yes,Has content,44024,627,6460
CAInter-AdvAcc-MTP-May2024-Set1-Q.pdf,MTP,May 2024,Set 1,Questions only,261814,Yes,Has content,34717,520,5243
CAInter-AdvAcc-MTP-May2024-Set2-Ans.pdf,MTP,May 2024,Set 2,Answers only,297902,Yes,Has content,42903,539,6290
CAInter-AdvAcc-MTP-May2024-Set2-Q.pdf,MTP,May 2024,Set 2,Questions only,248061,Yes,Has content,29466,514,4644
CAInter-AdvAcc-MTP-May2025-Set1-Ans.pdf,MTP,May 2025,Set 1,Answers only,331537,Yes,Has content,45469,590,6084
CAInter-AdvAcc-MTP-May2025-Set1-Q.pdf,MTP,May 2025,Set 1,Questions only,219529,Yes,Has content,30646,528,4838
CAInter-AdvAcc-MTP-May2025-Set2-Ans.pdf,MTP,May 2025,Set 2,Answers only,237096,Yes,Has content,42541,531,5972
CAInter-AdvAcc-MTP-May2025-Set2-Q.pdf,MTP,May 2025,Set 2,Questions only,156373,Yes,Has content,21581,374,3504
CAInter-AdvAcc-MTP-May2026-Set1-Ans.pdf,MTP,May 2026,Set 1,Answers only,344151,Yes,Has content,60069,879,8718
CAInter-AdvAcc-MTP-May2026-Set1-Q.pdf,MTP,May 2026,Set 1,Questions only,247716,Yes,Has content,36043,610,5717
CAInter-AdvAcc-MTP-May2026-Set2-Ans.pdf,MTP,May 2026,Set 2,Answers only,277693,Yes,Has content,37246,530,5314
CAInter-AdvAcc-MTP-May2026-Set2-Q.pdf,MTP,May 2026,Set 2,Questions only,176665,Yes,Has content,23727,418,3906
CAInter-AdvAcc-MTP-Nov2023-Set1-Ans.pdf,MTP,Nov 2023,Set 1,Answers only,160482,Yes,Has content,54669,789,8309
CAInter-AdvAcc-MTP-Nov2023-Set1-Q.pdf,MTP,Nov 2023,Set 1,Questions only,211104,Yes,Has content,23263,324,3768
CAInter-AdvAcc-MTP-Nov2023-Set2-Ans.pdf,MTP,Nov 2023,Set 2,Answers only,378498,Yes,Has content,54378,659,7914
CAInter-AdvAcc-MTP-Nov2023-Set2-Q.pdf,MTP,Nov 2023,Set 2,Questions only,196497,Yes,Has content,20570,304,3330
CAInter-AdvAcc-MTP-Sep2024-Set1-Ans.pdf,MTP,Sep 2024,Set 1,Answers only,260247,Yes,Has content,51015,623,7301
CAInter-AdvAcc-MTP-Sep2024-Set1-Q.pdf,MTP,Sep 2024,Set 1,Questions only,200644,Yes,Has content,25088,480,4044
CAInter-AdvAcc-MTP-Sep2024-Set2-Ans.pdf,MTP,Sep 2024,Set 2,Answers only,302531,Yes,Has content,43732,619,6474
CAInter-AdvAcc-MTP-Sep2024-Set2-Q.pdf,MTP,Sep 2024,Set 2,Questions only,173423,Yes,Has content,20879,389,3396
CAInter-AdvAcc-MTP-Sep2025-Set1-Ans.pdf,MTP,Sep 2025,Set 1,Answers only,278984,Yes,Has content,40864,562,6121
CAInter-AdvAcc-MTP-Sep2025-Set1-Q.pdf,MTP,Sep 2025,Set 1,Questions only,197516,Yes,Has content,26012,450,4241
CAInter-AdvAcc-MTP-Sep2025-Set2-Ans.pdf,MTP,Sep 2025,Set 2,Answers only,221061,Yes,Has content,37907,481,5488
CAInter-AdvAcc-MTP-Sep2025-Set2-Q.pdf,MTP,Sep 2025,Set 2,Questions only,195116,Yes,Has content,29494,471,4832
CAInter-AdvAcc-PYQ-Dec2021-Ans.pdf,PYQ,Dec 2021,N/A,Answers only,492091,Yes,Has content,47762,1214,7745
CAInter-AdvAcc-PYQ-May2022-Ans.pdf,PYQ,May 2022,N/A,Answers only,575455,Yes,Has content,54775,1467,8534
CAInter-AdvAcc-PYQ-Nov2022-Ans.pdf,PYQ,Nov 2022,N/A,Answers only,435541,Yes,Has content,48666,1357,7531
CAInter-AdvAcc-PYQ-May2023-Ans.pdf,PYQ,May 2023,N/A,Answers only,519859,Yes,Has content,57801,1627,8740
CAInter-AdvAcc-PYQ-Nov2023-Ans.pdf,PYQ,Nov 2023,N/A,Answers only,1037195,Yes,Has content,48376,1313,7489
CAInter-AdvAcc-PYQ-Jan2025-Ans.pdf,PYQ,Jan 2025,N/A,Answers only,588284,Yes,Has content,95627,1636,14461
CAInter-AdvAcc-PYQ-Jan2026-Ans.pdf,PYQ,Jan 2026,N/A,Answers only,710783,Yes,Has content,102634,1789,15289
CAInter-AdvAcc-PYQ-May2024-Ans.pdf,PYQ,May 2024,N/A,Answers only,567364,Yes,Has content,84723,1318,11904
CAInter-AdvAcc-PYQ-May2025-Ans.pdf,PYQ,May 2025,N/A,Answers only,1094617,Yes,Has content,84282,1512,12718
CAInter-AdvAcc-PYQ-May2026-Ans.pdf,PYQ,May 2026,N/A,Answers only,516139,Yes,Has content,60345,1687,9406
CAInter-AdvAcc-PYQ-Sep2024-Ans.pdf,PYQ,Sep 2024,N/A,Answers only,724533,Yes,Has content,79248,1464,12738
CAInter-AdvAcc-PYQ-Sep2025-Ans.pdf,PYQ,Sep 2025,N/A,Answers only,637805,Yes,Has content,98685,1673,14885
CAInter-AdvAcc-RTP-Jan2025-Q.pdf,RTP,Jan 2025,N/A,Questions only,447459,Yes,Has content,45152,866,7419
CAInter-AdvAcc-RTP-Jan2026-Q.pdf,RTP,Jan 2026,N/A,Questions only,390614,Yes,Has content,59123,1201,9438
CAInter-AdvAcc-RTP-May2024-Q.pdf,RTP,May 2024,N/A,Questions only,550636,Yes,Has content,70181,1261,10959
CAInter-AdvAcc-RTP-May2025-Q.pdf,RTP,May 2025,N/A,Questions only,487643,Yes,Has content,63717,1153,9847
CAInter-AdvAcc-RTP-May2026-Q.pdf,RTP,May 2026,N/A,Questions only,577913,Yes,Has content,111437,1990,16756
CAInter-AdvAcc-RTP-Sep2024-Q.pdf,RTP,Sep 2024,N/A,Questions only,336962,Yes,Has content,56440,1026,8852
CAInter-AdvAcc-RTP-Sep2025-Q.pdf,RTP,Sep 2025,N/A,Questions only,1352275,Yes,Has content,79697,1532,12454
