Chapter,May 24,Sep 24,Jan 25,May 25,Sep 25,May 26,Total
Amalgamation (AS 14),14,14,16,14,14,14,86
Final Accounts + Schedule III Division I,6,16,20,16,14,14,86
CFS (AS 21) + Associates (AS 23) + JV (AS 27),14,14,14,14,14,14,84
Cash Flow Statement (AS 3),13,15,7,8,7,8,58
Internal Reconstruction,14,6,4,14,6,8,52
Buy-back of Securities,7,10,6,6,8,8,45
Branches incl. Foreign Branches,6,6,—,6,—,6,24
AS 13: Accounting for Investments,2,9,—,2,7,4,24
AS 15: Employee Benefits,5,—,4,2,5,5,21
AS 7: Construction Contracts,7,4,—,2,6,2,21
AS 10: Property Plant & Equipment,2,2,—,7,2,7,20
AS 2: Valuation of Inventories,7,4,—,2,5,2,20
AS 22: Accounting for Taxes on Income,5,8,—,5,2,—,20
AS 28: Impairment of Assets,2,4,—,—,7,5,18
AS 16: Borrowing Costs,7,4,—,2,2,2,17
AS 20: Earnings Per Share,4,—,2,5,4,2,17
AS 23: Earnings Per Share (EPS),4,—,2,5,4,2,17
AS 11: Effects of Changes in Foreign Exchange,6,2,—,—,2,4,14
AS 19: Leases,4,2,—,5,2,—,13
AS 25: Interim Financial Reporting,7,2,—,—,—,2,11
AS 29: Provisions / Contingent Liabilities,2,7,—,2,—,—,11
AS 18: Related Party Disclosures,2,—,4,4,—,—,10
AS 24: Discontinuing Operations,2,—,4,—,—,4,10
AS 12: Government Grants,—,4,—,—,4,2,10
AS 5: Net Profit / Prior Period / Policies,—,4,—,—,—,4,8
AS 9: Revenue Recognition,2,2,—,—,4,—,8
AS 26: Intangible Assets,4,—,2,2,—,—,8
AS 17: Segment Reporting,—,8,—,—,—,—,8
AS 4: Contingencies & Events After B/S Date,—,2,—,—,—,2,4
Intro to AS / Ind AS / IAS / IFRS,—,—,—,—,—,4,4
Framework for Financial Statements,—,—,—,—,—,—,0
TOTAL,148,149,85,123,119,125,749
