File Name,Number of Pages
CAInter-AdvAcc-MTP-Jan2025-Set1-Ans.pdf,15
CAInter-AdvAcc-MTP-Jan2025-Set1-Q.pdf,11
CAInter-AdvAcc-MTP-Jan2025-Set2-Ans.pdf,14
CAInter-AdvAcc-MTP-Jan2025-Set2-Q.pdf,11
CAInter-AdvAcc-MTP-Jan2026-Set1-Ans.pdf,19
CAInter-AdvAcc-MTP-Jan2026-Set1-Q.pdf,15
CAInter-AdvAcc-MTP-Jan2026-Set2-Ans.pdf,17
CAInter-AdvAcc-MTP-Jan2026-Set2-Q.pdf,13
CAInter-AdvAcc-MTP-May2023-Set1-Ans.pdf,12
CAInter-AdvAcc-MTP-May2023-Set1-Q.pdf,7
CAInter-AdvAcc-MTP-May2023-Set2-Ans.pdf,11
CAInter-AdvAcc-MTP-May2023-Set2-Q.pdf,7
CAInter-AdvAcc-MTP-May2024-Set1-Ans.pdf,12
CAInter-AdvAcc-MTP-May2024-Set1-Q.pdf,12
CAInter-AdvAcc-MTP-May2024-Set2-Ans.pdf,12
CAInter-AdvAcc-MTP-May2024-Set2-Q.pdf,12
CAInter-AdvAcc-MTP-May2025-Set1-Ans.pdf,15
CAInter-AdvAcc-MTP-May2025-Set1-Q.pdf,15
CAInter-AdvAcc-MTP-May2025-Set2-Ans.pdf,14
CAInter-AdvAcc-MTP-May2025-Set2-Q.pdf,11
CAInter-AdvAcc-MTP-May2026-Set1-Ans.pdf,22
CAInter-AdvAcc-MTP-May2026-Set1-Q.pdf,18
CAInter-AdvAcc-MTP-May2026-Set2-Ans.pdf,14
CAInter-AdvAcc-MTP-May2026-Set2-Q.pdf,13
CAInter-AdvAcc-MTP-Nov2023-Set1-Ans.pdf,16
CAInter-AdvAcc-MTP-Nov2023-Set1-Q.pdf,7
CAInter-AdvAcc-MTP-Nov2023-Set2-Ans.pdf,13
CAInter-AdvAcc-MTP-Nov2023-Set2-Q.pdf,7
CAInter-AdvAcc-MTP-Sep2024-Set1-Ans.pdf,13
CAInter-AdvAcc-MTP-Sep2024-Set1-Q.pdf,12
CAInter-AdvAcc-MTP-Sep2024-Set2-Ans.pdf,13
CAInter-AdvAcc-MTP-Sep2024-Set2-Q.pdf,9
CAInter-AdvAcc-MTP-Sep2025-Set1-Ans.pdf,14
CAInter-AdvAcc-MTP-Sep2025-Set1-Q.pdf,13
CAInter-AdvAcc-MTP-Sep2025-Set2-Ans.pdf,12
CAInter-AdvAcc-MTP-Sep2025-Set2-Q.pdf,14
CAInter-AdvAcc-PYQ-Jan2025-Ans.pdf,40
CAInter-AdvAcc-PYQ-Jan2026-Ans.pdf,45
CAInter-AdvAcc-PYQ-May2023-Ans.pdf,36
CAInter-AdvAcc-PYQ-May2024-Ans.pdf,34
CAInter-AdvAcc-PYQ-May2025-Ans.pdf,38
CAInter-AdvAcc-PYQ-May2026-Ans.pdf,44
CAInter-AdvAcc-PYQ-Nov2023-Ans.pdf,31
CAInter-AdvAcc-PYQ-Sep2024-Ans.pdf,36
CAInter-AdvAcc-PYQ-Sep2025-Ans.pdf,43
CAInter-AdvAcc-PYQ_Examiner_Comments-Jan2025.pdf,8
CAInter-AdvAcc-PYQ_Examiner_Comments-Jan2026.pdf,7
CAInter-AdvAcc-PYQ_Examiner_Comments-May2024.pdf,7
CAInter-AdvAcc-PYQ_Examiner_Comments-May2025.pdf,8
CAInter-AdvAcc-PYQ_Examiner_Comments-Sep2024.pdf,8
CAInter-AdvAcc-PYQ_Examiner_Comments-Sep2025.pdf,7
CAInter-AdvAcc-RTP-Jan2025-Q.pdf,23
CAInter-AdvAcc-RTP-Jan2026-Q.pdf,33
CAInter-AdvAcc-RTP-May2024-Q.pdf,32
CAInter-AdvAcc-RTP-May2025-Q.pdf,29
CAInter-AdvAcc-RTP-May2026-Q.pdf,48
CAInter-AdvAcc-RTP-Sep2024-Q.pdf,26
CAInter-AdvAcc-RTP-Sep2025-Q.pdf,38
TOTAL,1086
