Module,Chapter No,Chapter Name,Unit No,No,Unit Code,Unit Name,Topic No,Topic Name,Page Number,Unique Chapter,Unique Topic,Topic,Topics ID Name,Module_Acronym,Concepts Covered,,No
MODULE 1,1,Introduction to Accounting Standards,-,,1,Introduction to Accounting Standards,1,Introduction,1.2,M1_C1_U0,M1_C1_U0_T1,1,M1_C1_U0_T1_Introduction,M1,,,-
MODULE 1,1,Introduction to Accounting Standards,-,,1,Introduction to Accounting Standards,2,Standards Setting Process,1.6,M1_C1_U0,M1_C1_U0_T2,2,M1_C1_U0_T2_Standards Setting Process,M1,,,-
MODULE 1,1,Introduction to Accounting Standards,-,,1,Introduction to Accounting Standards,3,How Many Accounting Standards?,1.9,M1_C1_U0,M1_C1_U0_T3,3,M1_C1_U0_T3_How Many Accounting Standards?,M1,,,-
MODULE 1,1,Introduction to Accounting Standards,-,,1,Introduction to Accounting Standards,4,Status of Accounting Standards,1.13,M1_C1_U0,M1_C1_U0_T4,4,M1_C1_U0_T4_Status of Accounting Standards,M1,,,-
MODULE 1,1,Introduction to Accounting Standards,-,,1,Introduction to Accounting Standards,5,Need for Convergence towards Global Standards,1.13,M1_C1_U0,M1_C1_U0_T5,5,M1_C1_U0_T5_Need for Convergence towards Global Standards,M1,,,-
MODULE 1,1,Introduction to Accounting Standards,-,,1,Introduction to Accounting Standards,6,International Accounting Standard Board,1.15,M1_C1_U0,M1_C1_U0_T6,6,M1_C1_U0_T6_International Accounting Standard Board,M1,,,-
MODULE 1,1,Introduction to Accounting Standards,-,,1,Introduction to Accounting Standards,7,International Financial Reporting Standards as Global Standards,1.16,M1_C1_U0,M1_C1_U0_T7,7,M1_C1_U0_T7_International Financial Reporting Standards as Global Standards,M1,,,-
MODULE 1,1,Introduction to Accounting Standards,-,,1,Introduction to Accounting Standards,8,Becoming IFRS Compliant,1.17,M1_C1_U0,M1_C1_U0_T8,8,M1_C1_U0_T8_Becoming IFRS Compliant,M1,,,-
MODULE 1,1,Introduction to Accounting Standards,-,,1,Introduction to Accounting Standards,9,What are Carve Outs/Ins in Ind AS?,1.18,M1_C1_U0,M1_C1_U0_T9,9,M1_C1_U0_T9_What are Carve Outs/Ins in Ind AS?,M1,,,-
MODULE 1,1,Introduction to Accounting Standards,-,,1,Introduction to Accounting Standards,10,Convergence to IFRS in India,1.2,M1_C1_U0,M1_C1_U0_T10,10,M1_C1_U0_T10_Convergence to IFRS in India,M1,,,-
MODULE 1,1,Introduction to Accounting Standards,-,,1,Introduction to Accounting Standards,11,What are Indian Accounting Standards (Ind AS)?,1.21,M1_C1_U0,M1_C1_U0_T11,11,M1_C1_U0_T11_What are Indian Accounting Standards (Ind AS)?,M1,,,-
MODULE 1,1,Introduction to Accounting Standards,-,,1,Introduction to Accounting Standards,12,History of IFRS Converged Indian Accounting Standards (Ind AS),1.22,M1_C1_U0,M1_C1_U0_T12,12,M1_C1_U0_T12_History of IFRS Converged Indian Accounting Standards (Ind AS),M1,,,-
MODULE 1,1,Introduction to Accounting Standards,-,,1,Introduction to Accounting Standards,13,List of Ind AS,1.23,M1_C1_U0,M1_C1_U0_T13,13,M1_C1_U0_T13_List of Ind AS,M1,,,-
MODULE 1,1,Introduction to Accounting Standards,-,,1,Introduction to Accounting Standards,14,Roadmap for Implementation of Indian Accounting Standards (Ind AS): A Snapshot,1.26,M1_C1_U0,M1_C1_U0_T14,14,M1_C1_U0_T14_Roadmap for Implementation of Indian Accounting Standards (Ind AS): A Snapshot,M1,,,-
MODULE 1,2,Framework for Preparation and Presentation of Financial Statements,-,,2,Framework for Preparation & Presentation of Financial Statements,1,Introduction,2.2,M1_C2_U0,M1_C2_U0_T1,1,M1_C2_U0_T1_Introduction,M1,,,-
MODULE 1,2,Framework for Preparation and Presentation of Financial Statements,-,,2,Framework for Preparation & Presentation of Financial Statements,2,Purpose of the Framework,2.3,M1_C2_U0,M1_C2_U0_T2,2,M1_C2_U0_T2_Purpose of the Framework,M1,,,-
MODULE 1,2,Framework for Preparation and Presentation of Financial Statements,-,,2,Framework for Preparation & Presentation of Financial Statements,3,Status and Scope of the Framework,2.3,M1_C2_U0,M1_C2_U0_T3,3,M1_C2_U0_T3_Status and Scope of the Framework,M1,,,-
MODULE 1,2,Framework for Preparation and Presentation of Financial Statements,-,,2,Framework for Preparation & Presentation of Financial Statements,4,Components of Financial Statements,2.4,M1_C2_U0,M1_C2_U0_T4,4,M1_C2_U0_T4_Components of Financial Statements,M1,,,-
MODULE 1,2,Framework for Preparation and Presentation of Financial Statements,-,,2,Framework for Preparation & Presentation of Financial Statements,5,Objectives and Users of Financial Statements,2.5,M1_C2_U0,M1_C2_U0_T5,5,M1_C2_U0_T5_Objectives and Users of Financial Statements,M1,,,-
MODULE 1,2,Framework for Preparation and Presentation of Financial Statements,-,,2,Framework for Preparation & Presentation of Financial Statements,6,Fundamental Accounting Assumptions,2.6,M1_C2_U0,M1_C2_U0_T6,6,M1_C2_U0_T6_Fundamental Accounting Assumptions,M1,,,-
MODULE 1,2,Framework for Preparation and Presentation of Financial Statements,-,,2,Framework for Preparation & Presentation of Financial Statements,7,Qualitative Characteristics of Financial Statements,2.11,M1_C2_U0,M1_C2_U0_T7,7,M1_C2_U0_T7_Qualitative Characteristics of Financial Statements,M1,,,-
MODULE 1,2,Framework for Preparation and Presentation of Financial Statements,-,,2,Framework for Preparation & Presentation of Financial Statements,8,True and Fair View,2.13,M1_C2_U0,M1_C2_U0_T8,8,M1_C2_U0_T8_True and Fair View,M1,,,-
MODULE 1,2,Framework for Preparation and Presentation of Financial Statements,-,,2,Framework for Preparation & Presentation of Financial Statements,9,Elements of Financial Statements,2.13,M1_C2_U0,M1_C2_U0_T9,9,M1_C2_U0_T9_Elements of Financial Statements,M1,,,-
MODULE 1,2,Framework for Preparation and Presentation of Financial Statements,-,,2,Framework for Preparation & Presentation of Financial Statements,10,Measurement of Elements of Financial Statements,2.21,M1_C2_U0,M1_C2_U0_T10,10,M1_C2_U0_T10_Measurement of Elements of Financial Statements,M1,,,-
MODULE 1,2,Framework for Preparation and Presentation of Financial Statements,-,,2,Framework for Preparation & Presentation of Financial Statements,11,Capital Maintenance,2.25,M1_C2_U0,M1_C2_U0_T11,11,M1_C2_U0_T11_Capital Maintenance,M1,,,-
MODULE 1,3,Applicability of Accounting Standards,-,,3,Applicability of Accounting Standards,1,Status of Accounting Standards,3.2,M1_C3_U0,M1_C3_U0_T1,1,M1_C3_U0_T1_Status of Accounting Standards,M1,,,-
MODULE 1,3,Applicability of Accounting Standards,-,,3,Applicability of Accounting Standards,2,Applicability of Accounting Standards,3.6,M1_C3_U0,M1_C3_U0_T2,2,M1_C3_U0_T2_Applicability of Accounting Standards,M1,,,-
MODULE 1,4,Presentation & Disclosures Based Accounting Standards,Unit 1,1,4.1,Accounting Standard 1 Disclosure of Accounting Policies,1.1,Introduction,4.2,M1_C4_U1,M1_C4_U1_T1.1,1,M1_C4_U1_T1.1_Introduction,M1,,,1
MODULE 1,4,Presentation & Disclosures Based Accounting Standards,Unit 1,1,4.1,Accounting Standard 1 Disclosure of Accounting Policies,1.2,Fundamental Accounting Assumptions,4.3,M1_C4_U1,M1_C4_U1_T1.2,2,M1_C4_U1_T1.2_Fundamental Accounting Assumptions,M1,,,1
MODULE 1,4,Presentation & Disclosures Based Accounting Standards,Unit 1,1,4.1,Accounting Standard 1 Disclosure of Accounting Policies,1.3,Accounting Policies,4.4,M1_C4_U1,M1_C4_U1_T1.3,3,M1_C4_U1_T1.3_Accounting Policies,M1,,,1
MODULE 1,4,Presentation & Disclosures Based Accounting Standards,Unit 1,1,4.1,Accounting Standard 1 Disclosure of Accounting Policies,1.4,Selection of Accounting Policy,4.5,M1_C4_U1,M1_C4_U1_T1.4,4,M1_C4_U1_T1.4_Selection of Accounting Policy,M1,,,1
MODULE 1,4,Presentation & Disclosures Based Accounting Standards,Unit 1,1,4.1,Accounting Standard 1 Disclosure of Accounting Policies,1.5,Disclosure of Changes in Accounting Policies,4.7,M1_C4_U1,M1_C4_U1_T1.5,5,M1_C4_U1_T1.5_Disclosure of Changes in Accounting Policies,M1,,,1
MODULE 1,4,Presentation & Disclosures Based Accounting Standards,Unit 1,1,4.1,Accounting Standard 1 Disclosure of Accounting Policies,1.6,Disclosure of Deviations From Fundamental Accounting Assumptions,4.8,M1_C4_U1,M1_C4_U1_T1.6,6,M1_C4_U1_T1.6_Disclosure of Deviations From Fundamental Accounting Assumptions,M1,,,1
MODULE 1,4,Presentation & Disclosures Based Accounting Standards,Unit 2,2,4.2,Accounting Standard 3 Cash Flow Statement,2.1,Introduction,4.17,M1_C4_U2,M1_C4_U2_T2.1,1,M1_C4_U2_T2.1_Introduction,M1,,,2
MODULE 1,4,Presentation & Disclosures Based Accounting Standards,Unit 2,2,4.2,Accounting Standard 3 Cash Flow Statement,2.2,Objective,4.18,M1_C4_U2,M1_C4_U2_T2.2,2,M1_C4_U2_T2.2_Objective,M1,,,2
MODULE 1,4,Presentation & Disclosures Based Accounting Standards,Unit 2,2,4.2,Accounting Standard 3 Cash Flow Statement,2.3,Meaning of the Term Cash and Cash Equivalents for Cash Flow Statements,4.19,M1_C4_U2,M1_C4_U2_T2.3,3,M1_C4_U2_T2.3_Meaning of the Term Cash and Cash Equivalents for Cash Flow Statements,M1,,,2
MODULE 1,4,Presentation & Disclosures Based Accounting Standards,Unit 2,2,4.2,Accounting Standard 3 Cash Flow Statement,2.4,Meaning of The Term Cash Flow,4.19,M1_C4_U2,M1_C4_U2_T2.4,4,M1_C4_U2_T2.4_Meaning of The Term Cash Flow,M1,,,2
MODULE 1,4,Presentation & Disclosures Based Accounting Standards,Unit 2,2,4.2,Accounting Standard 3 Cash Flow Statement,2.5,Types of Cash Flow,4.2,M1_C4_U2,M1_C4_U2_T2.5,5,M1_C4_U2_T2.5_Types of Cash Flow,M1,,,2
MODULE 1,4,Presentation & Disclosures Based Accounting Standards,Unit 2,2,4.2,Accounting Standard 3 Cash Flow Statement,2.6,Identifying Type of Cash Flows,4.21,M1_C4_U2,M1_C4_U2_T2.6,6,M1_C4_U2_T2.6_Identifying Type of Cash Flows,M1,,,2
MODULE 1,4,Presentation & Disclosures Based Accounting Standards,Unit 2,2,4.2,Accounting Standard 3 Cash Flow Statement,2.7,Reporting Cash Flows from Operating Activities,4.23,M1_C4_U2,M1_C4_U2_T2.7,7,M1_C4_U2_T2.7_Reporting Cash Flows from Operating Activities,M1,,,2
MODULE 1,4,Presentation & Disclosures Based Accounting Standards,Unit 2,2,4.2,Accounting Standard 3 Cash Flow Statement,2.8,Reporting Cash Flows on Net Basis,4.25,M1_C4_U2,M1_C4_U2_T2.8,8,M1_C4_U2_T2.8_Reporting Cash Flows on Net Basis,M1,,,2
MODULE 1,4,Presentation & Disclosures Based Accounting Standards,Unit 2,2,4.2,Accounting Standard 3 Cash Flow Statement,2.9,Business Purchase,4.27,M1_C4_U2,M1_C4_U2_T2.9,9,M1_C4_U2_T2.9_Business Purchase,M1,,,2
MODULE 1,4,Presentation & Disclosures Based Accounting Standards,Unit 2,2,4.2,Accounting Standard 3 Cash Flow Statement,2.10,Exchange gains and losses,4.27,M1_C4_U2,M1_C4_U2_T2.10,10,M1_C4_U2_T2.10_Exchange gains and losses,M1,,,2
MODULE 1,4,Presentation & Disclosures Based Accounting Standards,Unit 2,2,4.2,Accounting Standard 3 Cash Flow Statement,2.11,Disclosures,4.28,M1_C4_U2,M1_C4_U2_T2.11,11,M1_C4_U2_T2.11_Disclosures,M1,,,2
MODULE 1,4,Presentation & Disclosures Based Accounting Standards,Unit 3,3,4.3,Accounting Standard 17 Segment Reporting,3.1,Introduction,4.43,M1_C4_U3,M1_C4_U3_T3.1,1,M1_C4_U3_T3.1_Introduction,M1,,,3
MODULE 1,4,Presentation & Disclosures Based Accounting Standards,Unit 3,3,4.3,Accounting Standard 17 Segment Reporting,3.2,Objective,4.44,M1_C4_U3,M1_C4_U3_T3.2,2,M1_C4_U3_T3.2_Objective,M1,,,3
MODULE 1,4,Presentation & Disclosures Based Accounting Standards,Unit 3,3,4.3,Accounting Standard 17 Segment Reporting,3.3,Scope,4.44,M1_C4_U3,M1_C4_U3_T3.3,3,M1_C4_U3_T3.3_Scope,M1,,,3
MODULE 1,4,Presentation & Disclosures Based Accounting Standards,Unit 3,3,4.3,Accounting Standard 17 Segment Reporting,3.4,Definition of the terms used in the Accounting Standard,4.45,M1_C4_U3,M1_C4_U3_T3.4,4,M1_C4_U3_T3.4_Definition of the terms used in the Accounting Standard,M1,,,3
MODULE 1,4,Presentation & Disclosures Based Accounting Standards,Unit 3,3,4.3,Accounting Standard 17 Segment Reporting,3.5,Treatment of Interest for determining Segment Expense,4.48,M1_C4_U3,M1_C4_U3_T3.5,5,M1_C4_U3_T3.5_Treatment of Interest for determining Segment Expense,M1,,,3
MODULE 1,4,Presentation & Disclosures Based Accounting Standards,Unit 3,3,4.3,Accounting Standard 17 Segment Reporting,3.6,Allocation,4.49,M1_C4_U3,M1_C4_U3_T3.6,6,M1_C4_U3_T3.6_Allocation,M1,,,3
MODULE 1,4,Presentation & Disclosures Based Accounting Standards,Unit 3,3,4.3,Accounting Standard 17 Segment Reporting,3.7,Primary and Secondary Segment Reporting Formats,4.49,M1_C4_U3,M1_C4_U3_T3.7,7,M1_C4_U3_T3.7_Primary and Secondary Segment Reporting Formats,M1,,,3
MODULE 1,4,Presentation & Disclosures Based Accounting Standards,Unit 3,3,4.3,Accounting Standard 17 Segment Reporting,3.8,Business and Geographical Segments,4.5,M1_C4_U3,M1_C4_U3_T3.8,8,M1_C4_U3_T3.8_Business and Geographical Segments,M1,,,3
MODULE 1,4,Presentation & Disclosures Based Accounting Standards,Unit 3,3,4.3,Accounting Standard 17 Segment Reporting,3.9,Identifying Reportable Segments (Quantitative Thresholds),4.51,M1_C4_U3,M1_C4_U3_T3.9,9,M1_C4_U3_T3.9_Identifying Reportable Segments (Quantitative Thresholds),M1,,,3
MODULE 1,4,Presentation & Disclosures Based Accounting Standards,Unit 3,3,4.3,Accounting Standard 17 Segment Reporting,3.10,Segment Accounting Policies,4.53,M1_C4_U3,M1_C4_U3_T3.10,10,M1_C4_U3_T3.10_Segment Accounting Policies,M1,,,3
MODULE 1,4,Presentation & Disclosures Based Accounting Standards,Unit 3,3,4.3,Accounting Standard 17 Segment Reporting,3.11,Primary Reporting Format,4.53,M1_C4_U3,M1_C4_U3_T3.11,11,M1_C4_U3_T3.11_Primary Reporting Format,M1,,,3
MODULE 1,4,Presentation & Disclosures Based Accounting Standards,Unit 3,3,4.3,Accounting Standard 17 Segment Reporting,3.12,Secondary Segment Information,4.54,M1_C4_U3,M1_C4_U3_T3.12,12,M1_C4_U3_T3.12_Secondary Segment Information,M1,,,3
MODULE 1,4,Presentation & Disclosures Based Accounting Standards,Unit 3,3,4.3,Accounting Standard 17 Segment Reporting,3.13,Other Disclosures,4.55,M1_C4_U3,M1_C4_U3_T3.13,13,M1_C4_U3_T3.13_Other Disclosures,M1,,,3
MODULE 1,4,Presentation & Disclosures Based Accounting Standards,Unit 4,4,4.4,Accounting Standard 18 Related Party Disclosures,4.1,Introduction,4.72,M1_C4_U4,M1_C4_U4_T4.1,1,M1_C4_U4_T4.1_Introduction,M1,,,4
MODULE 1,4,Presentation & Disclosures Based Accounting Standards,Unit 4,4,4.4,Accounting Standard 18 Related Party Disclosures,4.2,Related Party Issue – Why disclosure is needed?,4.72,M1_C4_U4,M1_C4_U4_T4.2,2,M1_C4_U4_T4.2_Related Party Issue – Why disclosure is needed?,M1,,,4
MODULE 1,4,Presentation & Disclosures Based Accounting Standards,Unit 4,4,4.4,Accounting Standard 18 Related Party Disclosures,4.3,"Related Party Relationships, as contemplated under AS-18",4.73,M1_C4_U4,M1_C4_U4_T4.3,3,"M1_C4_U4_T4.3_Related Party Relationships, as contemplated under AS-18",M1,,,4
MODULE 1,4,Presentation & Disclosures Based Accounting Standards,Unit 4,4,4.4,Accounting Standard 18 Related Party Disclosures,4.4,Who are NOT deemed to be Related Parties under AS-18?,4.74,M1_C4_U4,M1_C4_U4_T4.4,4,M1_C4_U4_T4.4_Who are NOT deemed to be Related Parties under AS-18?,M1,,,4
MODULE 1,4,Presentation & Disclosures Based Accounting Standards,Unit 4,4,4.4,Accounting Standard 18 Related Party Disclosures,4.5,Exemption from Related Party Disclosure in certain situations,4.75,M1_C4_U4,M1_C4_U4_T4.5,5,M1_C4_U4_T4.5_Exemption from Related Party Disclosure in certain situations,M1,,,4
MODULE 1,4,Presentation & Disclosures Based Accounting Standards,Unit 4,4,4.4,Accounting Standard 18 Related Party Disclosures,4.6,Definitions of other Terms used in AS 18,4.76,M1_C4_U4,M1_C4_U4_T4.6,6,M1_C4_U4_T4.6_Definitions of other Terms used in AS 18,M1,,,4
MODULE 1,4,Presentation & Disclosures Based Accounting Standards,Unit 4,4,4.4,Accounting Standard 18 Related Party Disclosures,4.7,Disclosure requirements under AS-18,4.86,M1_C4_U4,M1_C4_U4_T4.7,7,M1_C4_U4_T4.7_Disclosure requirements under AS-18,M1,,,4
MODULE 1,4,Presentation & Disclosures Based Accounting Standards,Unit 4,4,4.4,Accounting Standard 18 Related Party Disclosures,4.8,"List of Related Party Transactions, to be Disclosed (What Needs to be Disclosed?)",4.87,M1_C4_U4,M1_C4_U4_T4.8,8,"M1_C4_U4_T4.8_List of Related Party Transactions, to be Disclosed (What Needs to be Disclosed?)",M1,,,4
MODULE 1,4,Presentation & Disclosures Based Accounting Standards,Unit 5,5,4.5,Accounting Standard 20 Earnings Per Share,5.1,Introduction,4.95,M1_C4_U5,M1_C4_U5_T5.1,1,M1_C4_U5_T5.1_Introduction,M1,,,5
MODULE 1,4,Presentation & Disclosures Based Accounting Standards,Unit 5,5,4.5,Accounting Standard 20 Earnings Per Share,5.2,Definition of the terms used in AS 20,4.96,M1_C4_U5,M1_C4_U5_T5.2,2,M1_C4_U5_T5.2_Definition of the terms used in AS 20,M1,,,5
MODULE 1,4,Presentation & Disclosures Based Accounting Standards,Unit 5,5,4.5,Accounting Standard 20 Earnings Per Share,5.3,Earnings-Basic,4.98,M1_C4_U5,M1_C4_U5_T5.3,3,M1_C4_U5_T5.3_Earnings-Basic,M1,,,5
MODULE 1,4,Presentation & Disclosures Based Accounting Standards,Unit 5,5,4.5,Accounting Standard 20 Earnings Per Share,5.4,Per share- Basic,4.99,M1_C4_U5,M1_C4_U5_T5.4,4,M1_C4_U5_T5.4_Per share- Basic,M1,,,5
MODULE 1,4,Presentation & Disclosures Based Accounting Standards,Unit 5,5,4.5,Accounting Standard 20 Earnings Per Share,5.5,Shares issued in a scheme of Amalgamation,4.101,M1_C4_U5,M1_C4_U5_T5.5,5,M1_C4_U5_T5.5_Shares issued in a scheme of Amalgamation,M1,,,5
MODULE 1,4,Presentation & Disclosures Based Accounting Standards,Unit 5,5,4.5,Accounting Standard 20 Earnings Per Share,5.6,Diluted Earnings Per Share,4.105,M1_C4_U5,M1_C4_U5_T5.6,6,M1_C4_U5_T5.6_Diluted Earnings Per Share,M1,,,5
MODULE 1,4,Presentation & Disclosures Based Accounting Standards,Unit 5,5,4.5,Accounting Standard 20 Earnings Per Share,5.7,Earnings-Diluted,4.106,M1_C4_U5,M1_C4_U5_T5.7,7,M1_C4_U5_T5.7_Earnings-Diluted,M1,,,5
MODULE 1,4,Presentation & Disclosures Based Accounting Standards,Unit 5,5,4.5,Accounting Standard 20 Earnings Per Share,5.8,Per share- Diluted,4.107,M1_C4_U5,M1_C4_U5_T5.8,8,M1_C4_U5_T5.8_Per share- Diluted,M1,,,5
MODULE 1,4,Presentation & Disclosures Based Accounting Standards,Unit 5,5,4.5,Accounting Standard 20 Earnings Per Share,5.9,Dilutive Potential Equity Shares,4.11,M1_C4_U5,M1_C4_U5_T5.9,9,M1_C4_U5_T5.9_Dilutive Potential Equity Shares,M1,,,5
MODULE 1,4,Presentation & Disclosures Based Accounting Standards,Unit 5,5,4.5,Accounting Standard 20 Earnings Per Share,5.10,Restatement,4.112,M1_C4_U5,M1_C4_U5_T5.10,10,M1_C4_U5_T5.10_Restatement,M1,,,5
MODULE 1,4,Presentation & Disclosures Based Accounting Standards,Unit 5,5,4.5,Accounting Standard 20 Earnings Per Share,5.11,Presentation,4.112,M1_C4_U5,M1_C4_U5_T5.11,11,M1_C4_U5_T5.11_Presentation,M1,,,5
MODULE 1,4,Presentation & Disclosures Based Accounting Standards,Unit 5,5,4.5,Accounting Standard 20 Earnings Per Share,5.12,Disclosure,4.113,M1_C4_U5,M1_C4_U5_T5.12,12,M1_C4_U5_T5.12_Disclosure,M1,,,5
MODULE 1,4,Presentation & Disclosures Based Accounting Standards,Unit 6,6,4.6,Accounting Standard 24 Discontinuing Operations,6.1,Introduction,4.125,M1_C4_U6,M1_C4_U6_T6.1,1,M1_C4_U6_T6.1_Introduction,M1,,,6
MODULE 1,4,Presentation & Disclosures Based Accounting Standards,Unit 6,6,4.6,Accounting Standard 24 Discontinuing Operations,6.2,Discontinuing Operation,4.126,M1_C4_U6,M1_C4_U6_T6.2,2,M1_C4_U6_T6.2_Discontinuing Operation,M1,,,6
MODULE 1,4,Presentation & Disclosures Based Accounting Standards,Unit 6,6,4.6,Accounting Standard 24 Discontinuing Operations,6.3,Initial Disclosure Event,4.129,M1_C4_U6,M1_C4_U6_T6.3,3,M1_C4_U6_T6.3_Initial Disclosure Event,M1,,,6
MODULE 1,4,Presentation & Disclosures Based Accounting Standards,Unit 6,6,4.6,Accounting Standard 24 Discontinuing Operations,6.4,Recognition and Measurement,4.13,M1_C4_U6,M1_C4_U6_T6.4,4,M1_C4_U6_T6.4_Recognition and Measurement,M1,,,6
MODULE 1,4,Presentation & Disclosures Based Accounting Standards,Unit 6,6,4.6,Accounting Standard 24 Discontinuing Operations,6.5,Presentation and Disclosure,4.13,M1_C4_U6,M1_C4_U6_T6.5,5,M1_C4_U6_T6.5_Presentation and Disclosure,M1,,,6
MODULE 1,4,Presentation & Disclosures Based Accounting Standards,Unit 6,6,4.6,Accounting Standard 24 Discontinuing Operations,6.6,Updating the Disclosures,4.131,M1_C4_U6,M1_C4_U6_T6.6,6,M1_C4_U6_T6.6_Updating the Disclosures,M1,,,6
MODULE 1,4,Presentation & Disclosures Based Accounting Standards,Unit 6,6,4.6,Accounting Standard 24 Discontinuing Operations,6.7,Separate Disclosure for Each Discontinuing Operation,4.132,M1_C4_U6,M1_C4_U6_T6.7,7,M1_C4_U6_T6.7_Separate Disclosure for Each Discontinuing Operation,M1,,,6
MODULE 1,4,Presentation & Disclosures Based Accounting Standards,Unit 6,6,4.6,Accounting Standard 24 Discontinuing Operations,6.8,Presentation of The Required Disclosures,4.132,M1_C4_U6,M1_C4_U6_T6.8,8,M1_C4_U6_T6.8_Presentation of The Required Disclosures,M1,,,6
MODULE 1,4,Presentation & Disclosures Based Accounting Standards,Unit 6,6,4.6,Accounting Standard 24 Discontinuing Operations,6.9,Restatement of Prior Periods,4.133,M1_C4_U6,M1_C4_U6_T6.9,9,M1_C4_U6_T6.9_Restatement of Prior Periods,M1,,,6
MODULE 1,4,Presentation & Disclosures Based Accounting Standards,Unit 6,6,4.6,Accounting Standard 24 Discontinuing Operations,6.10,Disclosure in Interim Financial Reports,4.133,M1_C4_U6,M1_C4_U6_T6.10,10,M1_C4_U6_T6.10_Disclosure in Interim Financial Reports,M1,,,6
MODULE 1,4,Presentation & Disclosures Based Accounting Standards,Unit 7,7,4.7,Accounting Standard 25 Interim Financial Reporting,7.1,Introduction,4.141,M1_C4_U7,M1_C4_U7_T7.1,1,M1_C4_U7_T7.1_Introduction,M1,,,7
MODULE 1,4,Presentation & Disclosures Based Accounting Standards,Unit 7,7,4.7,Accounting Standard 25 Interim Financial Reporting,7.2,Definitions of the terms used under the Accounting Standard,4.142,M1_C4_U7,M1_C4_U7_T7.2,2,M1_C4_U7_T7.2_Definitions of the terms used under the Accounting Standard,M1,,,7
MODULE 1,4,Presentation & Disclosures Based Accounting Standards,Unit 7,7,4.7,Accounting Standard 25 Interim Financial Reporting,7.3,Content of an Interim Financial Report,4.142,M1_C4_U7,M1_C4_U7_T7.3,3,M1_C4_U7_T7.3_Content of an Interim Financial Report,M1,,,7
MODULE 1,4,Presentation & Disclosures Based Accounting Standards,Unit 7,7,4.7,Accounting Standard 25 Interim Financial Reporting,7.4,Form and Content of Interim Financial Statements,4.143,M1_C4_U7,M1_C4_U7_T7.4,4,M1_C4_U7_T7.4_Form and Content of Interim Financial Statements,M1,,,7
MODULE 1,4,Presentation & Disclosures Based Accounting Standards,Unit 7,7,4.7,Accounting Standard 25 Interim Financial Reporting,7.5,Selected Explanatory Notes,4.143,M1_C4_U7,M1_C4_U7_T7.5,5,M1_C4_U7_T7.5_Selected Explanatory Notes,M1,,,7
MODULE 1,4,Presentation & Disclosures Based Accounting Standards,Unit 7,7,4.7,Accounting Standard 25 Interim Financial Reporting,7.6,Periods for which Interim Financial Statements are required to be presented,4.145,M1_C4_U7,M1_C4_U7_T7.6,6,M1_C4_U7_T7.6_Periods for which Interim Financial Statements are required to be presented,M1,,,7
MODULE 1,4,Presentation & Disclosures Based Accounting Standards,Unit 7,7,4.7,Accounting Standard 25 Interim Financial Reporting,7.7,Materiality,4.145,M1_C4_U7,M1_C4_U7_T7.7,7,M1_C4_U7_T7.7_Materiality,M1,,,7
MODULE 1,4,Presentation & Disclosures Based Accounting Standards,Unit 7,7,4.7,Accounting Standard 25 Interim Financial Reporting,7.8,Disclosure in Annual Financial Statements,4.148,M1_C4_U7,M1_C4_U7_T7.8,8,M1_C4_U7_T7.8_Disclosure in Annual Financial Statements,M1,,,7
MODULE 1,4,Presentation & Disclosures Based Accounting Standards,Unit 7,7,4.7,Accounting Standard 25 Interim Financial Reporting,7.9,Accounting Policies,4.148,M1_C4_U7,M1_C4_U7_T7.9,9,M1_C4_U7_T7.9_Accounting Policies,M1,,,7
MODULE 1,4,Presentation & Disclosures Based Accounting Standards,Unit 7,7,4.7,Accounting Standard 25 Interim Financial Reporting,7.10,Revenue Received Seasonally or Occasionally,4.15,M1_C4_U7,M1_C4_U7_T7.10,10,M1_C4_U7_T7.10_Revenue Received Seasonally or Occasionally,M1,,,7
MODULE 1,4,Presentation & Disclosures Based Accounting Standards,Unit 7,7,4.7,Accounting Standard 25 Interim Financial Reporting,7.11,Cost Incurred Unevenly During the Financial Year,4.15,M1_C4_U7,M1_C4_U7_T7.11,11,M1_C4_U7_T7.11_Cost Incurred Unevenly During the Financial Year,M1,,,7
MODULE 1,4,Presentation & Disclosures Based Accounting Standards,Unit 7,7,4.7,Accounting Standard 25 Interim Financial Reporting,7.12,Use of Estimates,4.15,M1_C4_U7,M1_C4_U7_T7.12,12,M1_C4_U7_T7.12_Use of Estimates,M1,,,7
MODULE 1,4,Presentation & Disclosures Based Accounting Standards,Unit 7,7,4.7,Accounting Standard 25 Interim Financial Reporting,7.13,Restatement of Previously Reported Interim Periods,4.151,M1_C4_U7,M1_C4_U7_T7.13,13,M1_C4_U7_T7.13_Restatement of Previously Reported Interim Periods,M1,,,7
MODULE 1,4,Presentation & Disclosures Based Accounting Standards,Unit 7,7,4.7,Accounting Standard 25 Interim Financial Reporting,7.14,Transitional Provision,4.151,M1_C4_U7,M1_C4_U7_T7.14,14,M1_C4_U7_T7.14_Transitional Provision,M1,,,7
MODULE 1,4,Presentation & Disclosures Based Accounting Standards,Unit 7,7,4.7,Accounting Standard 25 Interim Financial Reporting,7.15,Applicability of AS 25 to Interim Financial Results,4.151,M1_C4_U7,M1_C4_U7_T7.15,15,M1_C4_U7_T7.15_Applicability of AS 25 to Interim Financial Results,M1,,,7
MODULE 2,5,Assets Based Accounting Standards,Unit 1,1,5.1,Accounting Standard 2 Valuation of Inventory,1.1,Introduction,5.2,M2_C5_U1,M2_C5_U1_T1.1,1,M2_C5_U1_T1.1_Introduction,M2,,,1
MODULE 2,5,Assets Based Accounting Standards,Unit 1,1,5.1,Accounting Standard 2 Valuation of Inventory,1.2,Inventories,5.2,M2_C5_U1,M2_C5_U1_T1.2,2,M2_C5_U1_T1.2_Inventories,M2,,,1
MODULE 2,5,Assets Based Accounting Standards,Unit 1,1,5.1,Accounting Standard 2 Valuation of Inventory,1.3,Measurement of Inventories,5.4,M2_C5_U1,M2_C5_U1_T1.3,3,M2_C5_U1_T1.3_Measurement of Inventories,M2,,,1
MODULE 2,5,Assets Based Accounting Standards,Unit 1,1,5.1,Accounting Standard 2 Valuation of Inventory,1.4,Costs of inventory,5.6,M2_C5_U1,M2_C5_U1_T1.4,4,M2_C5_U1_T1.4_Costs of inventory,M2,,,1
MODULE 2,5,Assets Based Accounting Standards,Unit 1,1,5.1,Accounting Standard 2 Valuation of Inventory,1.5,Costs of purchase,5.6,M2_C5_U1,M2_C5_U1_T1.5,5,M2_C5_U1_T1.5_Costs of purchase,M2,,,1
MODULE 2,5,Assets Based Accounting Standards,Unit 1,1,5.1,Accounting Standard 2 Valuation of Inventory,1.6,Costs of Conversion,5.6,M2_C5_U1,M2_C5_U1_T1.6,6,M2_C5_U1_T1.6_Costs of Conversion,M2,,,1
MODULE 2,5,Assets Based Accounting Standards,Unit 1,1,5.1,Accounting Standard 2 Valuation of Inventory,1.7,Joint or By-Products,5.7,M2_C5_U1,M2_C5_U1_T1.7,7,M2_C5_U1_T1.7_Joint or By-Products,M2,,,1
MODULE 2,5,Assets Based Accounting Standards,Unit 1,1,5.1,Accounting Standard 2 Valuation of Inventory,1.8,Other Costs,5.8,M2_C5_U1,M2_C5_U1_T1.8,8,M2_C5_U1_T1.8_Other Costs,M2,,,1
MODULE 2,5,Assets Based Accounting Standards,Unit 1,1,5.1,Accounting Standard 2 Valuation of Inventory,1.9,Exclusions from the cost of inventories,5.9,M2_C5_U1,M2_C5_U1_T1.9,9,M2_C5_U1_T1.9_Exclusions from the cost of inventories,M2,,,1
MODULE 2,5,Assets Based Accounting Standards,Unit 1,1,5.1,Accounting Standard 2 Valuation of Inventory,1.10,Cost Formula,5.9,M2_C5_U1,M2_C5_U1_T1.10,10,M2_C5_U1_T1.10_Cost Formula,M2,,,1
MODULE 2,5,Assets Based Accounting Standards,Unit 1,1,5.1,Accounting Standard 2 Valuation of Inventory,1.11,Other techniques of cost measurement,5.9,M2_C5_U1,M2_C5_U1_T1.11,11,M2_C5_U1_T1.11_Other techniques of cost measurement,M2,,,1
MODULE 2,5,Assets Based Accounting Standards,Unit 1,1,5.1,Accounting Standard 2 Valuation of Inventory,1.12,Estimates of Net Realisable Value,5.1,M2_C5_U1,M2_C5_U1_T1.12,12,M2_C5_U1_T1.12_Estimates of Net Realisable Value,M2,,,1
MODULE 2,5,Assets Based Accounting Standards,Unit 1,1,5.1,Accounting Standard 2 Valuation of Inventory,1.13,Comparison of Cost and Net Realisable Value,5.11,M2_C5_U1,M2_C5_U1_T1.13,13,M2_C5_U1_T1.13_Comparison of Cost and Net Realisable Value,M2,,,1
MODULE 2,5,Assets Based Accounting Standards,Unit 1,1,5.1,Accounting Standard 2 Valuation of Inventory,1.14,NRV of materials held for use or disposal,5.11,M2_C5_U1,M2_C5_U1_T1.14,14,M2_C5_U1_T1.14_NRV of materials held for use or disposal,M2,,,1
MODULE 2,5,Assets Based Accounting Standards,Unit 1,1,5.1,Accounting Standard 2 Valuation of Inventory,1.15,Disclosures,5.12,M2_C5_U1,M2_C5_U1_T1.15,15,M2_C5_U1_T1.15_Disclosures,M2,,,1
MODULE 2,5,Assets Based Accounting Standards,Unit 2,2,5.2,"Accounting Standard 10 Property, Plant and Equipment",2.1,Introduction,5.22,M2_C5_U2,M2_C5_U2_T2.1,1,M2_C5_U2_T2.1_Introduction,M2,,,2
MODULE 2,5,Assets Based Accounting Standards,Unit 2,2,5.2,"Accounting Standard 10 Property, Plant and Equipment",2.2,Scope of the Standard,5.22,M2_C5_U2,M2_C5_U2_T2.2,2,M2_C5_U2_T2.2_Scope of the Standard,M2,,,2
MODULE 2,5,Assets Based Accounting Standards,Unit 2,2,5.2,"Accounting Standard 10 Property, Plant and Equipment",2.3,"Definition of Property, Plant and Equipment (PPE)",5.23,M2_C5_U2,M2_C5_U2_T2.3,3,"M2_C5_U2_T2.3_Definition of Property, Plant and Equipment (PPE)",M2,,,2
MODULE 2,5,Assets Based Accounting Standards,Unit 2,2,5.2,"Accounting Standard 10 Property, Plant and Equipment",2.4,Other Definitions,5.24,M2_C5_U2,M2_C5_U2_T2.4,4,M2_C5_U2_T2.4_Other Definitions,M2,,,2
MODULE 2,5,Assets Based Accounting Standards,Unit 2,2,5.2,"Accounting Standard 10 Property, Plant and Equipment",2.5,Recognition Criteria for PPE,5.26,M2_C5_U2,M2_C5_U2_T2.5,5,M2_C5_U2_T2.5_Recognition Criteria for PPE,M2,,,2
MODULE 2,5,Assets Based Accounting Standards,Unit 2,2,5.2,"Accounting Standard 10 Property, Plant and Equipment",2.6,Measurement of PPE,5.27,M2_C5_U2,M2_C5_U2_T2.6,6,M2_C5_U2_T2.6_Measurement of PPE,M2,,,2
MODULE 2,5,Assets Based Accounting Standards,Unit 2,2,5.2,"Accounting Standard 10 Property, Plant and Equipment",2.7,Initial Recognition,5.28,M2_C5_U2,M2_C5_U2_T2.7,7,M2_C5_U2_T2.7_Initial Recognition,M2,,,2
MODULE 2,5,Assets Based Accounting Standards,Unit 2,2,5.2,"Accounting Standard 10 Property, Plant and Equipment",2.8,Cost of a self-constructed Asset,5.33,M2_C5_U2,M2_C5_U2_T2.8,8,M2_C5_U2_T2.8_Cost of a self-constructed Asset,M2,,,2
MODULE 2,5,Assets Based Accounting Standards,Unit 2,2,5.2,"Accounting Standard 10 Property, Plant and Equipment",2.9,PPE acquired in Exchange for a Non-monetary Asset or Assets or A combination of Monetary and Non-monetary Assets,5.34,M2_C5_U2,M2_C5_U2_T2.9,9,M2_C5_U2_T2.9_PPE acquired in Exchange for a Non-monetary Asset or Assets or A combination of Monetary and Non-monetary Assets,M2,,,2
MODULE 2,5,Assets Based Accounting Standards,Unit 2,2,5.2,"Accounting Standard 10 Property, Plant and Equipment",2.10,Treatment of Subsequent Costs,5.38,M2_C5_U2,M2_C5_U2_T2.10,10,M2_C5_U2_T2.10_Treatment of Subsequent Costs,M2,,,2
MODULE 2,5,Assets Based Accounting Standards,Unit 3,3,5.3,Accounting Standard 13 Accounting for Investments,3.1,Introduction,5.78,M2_C5_U3,M2_C5_U3_T3.1,1,M2_C5_U3_T3.1_Introduction,M2,,,3
MODULE 2,5,Assets Based Accounting Standards,Unit 3,3,5.3,Accounting Standard 13 Accounting for Investments,3.2,Definition of the terms used in the Standard,5.79,M2_C5_U3,M2_C5_U3_T3.2,2,M2_C5_U3_T3.2_Definition of the terms used in the Standard,M2,,,3
MODULE 2,5,Assets Based Accounting Standards,Unit 3,3,5.3,Accounting Standard 13 Accounting for Investments,3.3,Forms of Investments,5.79,M2_C5_U3,M2_C5_U3_T3.3,3,M2_C5_U3_T3.3_Forms of Investments,M2,,,3
MODULE 2,5,Assets Based Accounting Standards,Unit 3,3,5.3,Accounting Standard 13 Accounting for Investments,3.4,Classification of Investments,5.8,M2_C5_U3,M2_C5_U3_T3.4,4,M2_C5_U3_T3.4_Classification of Investments,M2,,,3
MODULE 2,5,Assets Based Accounting Standards,Unit 3,3,5.3,Accounting Standard 13 Accounting for Investments,3.5,Cost of Investments,5.8,M2_C5_U3,M2_C5_U3_T3.5,5,M2_C5_U3_T3.5_Cost of Investments,M2,,,3
MODULE 2,5,Assets Based Accounting Standards,Unit 3,3,5.3,Accounting Standard 13 Accounting for Investments,3.6,Carrying Amount of Investments,5.82,M2_C5_U3,M2_C5_U3_T3.6,6,M2_C5_U3_T3.6_Carrying Amount of Investments,M2,,,3
MODULE 2,5,Assets Based Accounting Standards,Unit 3,3,5.3,Accounting Standard 13 Accounting for Investments,3.7,Investment Properties,5.86,M2_C5_U3,M2_C5_U3_T3.7,7,M2_C5_U3_T3.7_Investment Properties,M2,,,3
MODULE 2,5,Assets Based Accounting Standards,Unit 3,3,5.3,Accounting Standard 13 Accounting for Investments,3.8,Disposal of Investments,5.86,M2_C5_U3,M2_C5_U3_T3.8,8,M2_C5_U3_T3.8_Disposal of Investments,M2,,,3
MODULE 2,5,Assets Based Accounting Standards,Unit 3,3,5.3,Accounting Standard 13 Accounting for Investments,3.9,Reclassification of Investments,5.86,M2_C5_U3,M2_C5_U3_T3.9,9,M2_C5_U3_T3.9_Reclassification of Investments,M2,,,3
MODULE 2,5,Assets Based Accounting Standards,Unit 3,3,5.3,Accounting Standard 13 Accounting for Investments,3.10,Disclosure,5.88,M2_C5_U3,M2_C5_U3_T3.10,10,M2_C5_U3_T3.10_Disclosure,M2,,,3
MODULE 2,5,Assets Based Accounting Standards,Unit 4,4,5.4,Accounting Standard 16 Borrowing Costs,4.1,Introduction,5.113,M2_C5_U4,M2_C5_U4_T4.1,1,M2_C5_U4_T4.1_Introduction,M2,,,4
MODULE 2,5,Assets Based Accounting Standards,Unit 4,4,5.4,Accounting Standard 16 Borrowing Costs,4.2,Definitions,5.114,M2_C5_U4,M2_C5_U4_T4.2,2,M2_C5_U4_T4.2_Definitions,M2,,,4
MODULE 2,5,Assets Based Accounting Standards,Unit 4,4,5.4,Accounting Standard 16 Borrowing Costs,4.3,Exchange Differences on Foreign Currency Borrowings,5.115,M2_C5_U4,M2_C5_U4_T4.3,3,M2_C5_U4_T4.3_Exchange Differences on Foreign Currency Borrowings,M2,,,4
MODULE 2,5,Assets Based Accounting Standards,Unit 4,4,5.4,Accounting Standard 16 Borrowing Costs,4.4,Borrowing Costs Eligible for Capitalisation,5.117,M2_C5_U4,M2_C5_U4_T4.4,4,M2_C5_U4_T4.4_Borrowing Costs Eligible for Capitalisation,M2,,,4
MODULE 2,5,Assets Based Accounting Standards,Unit 4,4,5.4,Accounting Standard 16 Borrowing Costs,4.5,Recognition criteria,5.118,M2_C5_U4,M2_C5_U4_T4.5,5,M2_C5_U4_T4.5_Recognition criteria,M2,,,4
MODULE 2,5,Assets Based Accounting Standards,Unit 4,4,5.4,Accounting Standard 16 Borrowing Costs,4.6,Specific borrowings,5.119,M2_C5_U4,M2_C5_U4_T4.6,6,M2_C5_U4_T4.6_Specific borrowings,M2,,,4
MODULE 2,5,Assets Based Accounting Standards,Unit 4,4,5.4,Accounting Standard 16 Borrowing Costs,4.7,General borrowings,5.119,M2_C5_U4,M2_C5_U4_T4.7,7,M2_C5_U4_T4.7_General borrowings,M2,,,4
MODULE 2,5,Assets Based Accounting Standards,Unit 4,4,5.4,Accounting Standard 16 Borrowing Costs,4.8,Excess of the Carrying Amount of the Qualifying Asset over Recoverable Amount,5.12,M2_C5_U4,M2_C5_U4_T4.8,8,M2_C5_U4_T4.8_Excess of the Carrying Amount of the Qualifying Asset over Recoverable Amount,M2,,,4
MODULE 2,5,Assets Based Accounting Standards,Unit 4,4,5.4,Accounting Standard 16 Borrowing Costs,4.9,Commencement of Capitalisation,5.122,M2_C5_U4,M2_C5_U4_T4.9,9,M2_C5_U4_T4.9_Commencement of Capitalisation,M2,,,4
MODULE 2,5,Assets Based Accounting Standards,Unit 4,4,5.4,Accounting Standard 16 Borrowing Costs,4.10,Suspension of Capitalisation,5.123,M2_C5_U4,M2_C5_U4_T4.10,10,M2_C5_U4_T4.10_Suspension of Capitalisation,M2,,,4
MODULE 2,5,Assets Based Accounting Standards,Unit 4,4,5.4,Accounting Standard 16 Borrowing Costs,4.11,Cessation of Capitalisation,5.124,M2_C5_U4,M2_C5_U4_T4.11,11,M2_C5_U4_T4.11_Cessation of Capitalisation,M2,,,4
MODULE 2,5,Assets Based Accounting Standards,Unit 4,4,5.4,Accounting Standard 16 Borrowing Costs,4.12,Disclosure,5.125,M2_C5_U4,M2_C5_U4_T4.12,12,M2_C5_U4_T4.12_Disclosure,M2,,,4
MODULE 2,5,Assets Based Accounting Standards,Unit 5,5,5.5,Accounting Standard 19 Leases,5.1,Introduction,5.138,M2_C5_U5,M2_C5_U5_T5.1,1,M2_C5_U5_T5.1_Introduction,M2,,,5
MODULE 2,5,Assets Based Accounting Standards,Unit 5,5,5.5,Accounting Standard 19 Leases,5.2,Applicability of AS 19 [Scope],5.138,M2_C5_U5,M2_C5_U5_T5.2,2,M2_C5_U5_T5.2_Applicability of AS 19 [Scope],M2,,,5
MODULE 2,5,Assets Based Accounting Standards,Unit 5,5,5.5,Accounting Standard 19 Leases,5.3,Definitions,5.139,M2_C5_U5,M2_C5_U5_T5.3,3,M2_C5_U5_T5.3_Definitions,M2,,,5
MODULE 2,5,Assets Based Accounting Standards,Unit 5,5,5.5,Accounting Standard 19 Leases,5.4,Types of leases,5.144,M2_C5_U5,M2_C5_U5_T5.4,4,M2_C5_U5_T5.4_Types of leases,M2,,,5
MODULE 2,5,Assets Based Accounting Standards,Unit 5,5,5.5,Accounting Standard 19 Leases,5.5,Indicators of Finance Lease,5.145,M2_C5_U5,M2_C5_U5_T5.5,5,M2_C5_U5_T5.5_Indicators of Finance Lease,M2,,,5
MODULE 2,5,Assets Based Accounting Standards,Unit 5,5,5.5,Accounting Standard 19 Leases,5.6,Deterministic Conditions,5.146,M2_C5_U5,M2_C5_U5_T5.6,6,M2_C5_U5_T5.6_Deterministic Conditions,M2,,,5
MODULE 2,5,Assets Based Accounting Standards,Unit 5,5,5.5,Accounting Standard 19 Leases,5.7,Suggestive Conditions,5.147,M2_C5_U5,M2_C5_U5_T5.7,7,M2_C5_U5_T5.7_Suggestive Conditions,M2,,,5
MODULE 2,5,Assets Based Accounting Standards,Unit 5,5,5.5,Accounting Standard 19 Leases,5.8,Accounting for Finance Leases (Books of lessee),5.147,M2_C5_U5,M2_C5_U5_T5.8,8,M2_C5_U5_T5.8_Accounting for Finance Leases (Books of lessee),M2,,,5
MODULE 2,5,Assets Based Accounting Standards,Unit 5,5,5.5,Accounting Standard 19 Leases,5.9,Accounting for Operating Leases,5.163,M2_C5_U5,M2_C5_U5_T5.9,9,M2_C5_U5_T5.9_Accounting for Operating Leases,M2,,,5
MODULE 2,5,Assets Based Accounting Standards,Unit 5,5,5.5,Accounting Standard 19 Leases,5.10,Sale and Leaseback,5.168,M2_C5_U5,M2_C5_U5_T5.10,10,M2_C5_U5_T5.10_Sale and Leaseback,M2,,,5
MODULE 2,5,Assets Based Accounting Standards,Unit 6,6,5.6,Accounting Standard 26 Intangible Assets,6.1,Introduction,5.183,M2_C5_U6,M2_C5_U6_T6.1,1,M2_C5_U6_T6.1_Introduction,M2,,,6
MODULE 2,5,Assets Based Accounting Standards,Unit 6,6,5.6,Accounting Standard 26 Intangible Assets,6.2,Scope,5.184,M2_C5_U6,M2_C5_U6_T6.2,2,M2_C5_U6_T6.2_Scope,M2,,,6
MODULE 2,5,Assets Based Accounting Standards,Unit 6,6,5.6,Accounting Standard 26 Intangible Assets,6.3,Definitions,5.185,M2_C5_U6,M2_C5_U6_T6.3,3,M2_C5_U6_T6.3_Definitions,M2,,,6
MODULE 2,5,Assets Based Accounting Standards,Unit 6,6,5.6,Accounting Standard 26 Intangible Assets,6.4,Identifiability,5.187,M2_C5_U6,M2_C5_U6_T6.4,4,M2_C5_U6_T6.4_Identifiability,M2,,,6
MODULE 2,5,Assets Based Accounting Standards,Unit 6,6,5.6,Accounting Standard 26 Intangible Assets,6.5,Control,5.188,M2_C5_U6,M2_C5_U6_T6.5,5,M2_C5_U6_T6.5_Control,M2,,,6
MODULE 2,5,Assets Based Accounting Standards,Unit 6,6,5.6,Accounting Standard 26 Intangible Assets,6.6,Future Economic Benefits,5.189,M2_C5_U6,M2_C5_U6_T6.6,6,M2_C5_U6_T6.6_Future Economic Benefits,M2,,,6
MODULE 2,5,Assets Based Accounting Standards,Unit 6,6,5.6,Accounting Standard 26 Intangible Assets,6.7,Recognition and Initial Measurement of an Intangible Asset,5.189,M2_C5_U6,M2_C5_U6_T6.7,7,M2_C5_U6_T6.7_Recognition and Initial Measurement of an Intangible Asset,M2,,,6
MODULE 2,5,Assets Based Accounting Standards,Unit 6,6,5.6,Accounting Standard 26 Intangible Assets,6.8,Separate Acquisition,5.189,M2_C5_U6,M2_C5_U6_T6.8,8,M2_C5_U6_T6.8_Separate Acquisition,M2,,,6
MODULE 2,5,Assets Based Accounting Standards,Unit 6,6,5.6,Accounting Standard 26 Intangible Assets,6.9,Acquisition as part of an Amalgamation,5.19,M2_C5_U6,M2_C5_U6_T6.9,9,M2_C5_U6_T6.9_Acquisition as part of an Amalgamation,M2,,,6
MODULE 2,5,Assets Based Accounting Standards,Unit 6,6,5.6,Accounting Standard 26 Intangible Assets,6.10,Acquisition by way of a Government Grant,5.191,M2_C5_U6,M2_C5_U6_T6.10,10,M2_C5_U6_T6.10_Acquisition by way of a Government Grant,M2,,,6
MODULE 2,5,Assets Based Accounting Standards,Unit 6,6,5.6,Accounting Standard 26 Intangible Assets,6.11,Exchange of assets,5.192,M2_C5_U6,M2_C5_U6_T6.11,11,M2_C5_U6_T6.11_Exchange of assets,M2,,,6
MODULE 2,5,Assets Based Accounting Standards,Unit 6,6,5.6,Accounting Standard 26 Intangible Assets,6.12,Internally generated goodwill,5.192,M2_C5_U6,M2_C5_U6_T6.12,12,M2_C5_U6_T6.12_Internally generated goodwill,M2,,,6
MODULE 2,5,Assets Based Accounting Standards,Unit 6,6,5.6,Accounting Standard 26 Intangible Assets,6.13,Internally generated intangible assets,5.193,M2_C5_U6,M2_C5_U6_T6.13,13,M2_C5_U6_T6.13_Internally generated intangible assets,M2,,,6
MODULE 2,5,Assets Based Accounting Standards,Unit 6,6,5.6,Accounting Standard 26 Intangible Assets,6.14,Research Phase,5.193,M2_C5_U6,M2_C5_U6_T6.14,14,M2_C5_U6_T6.14_Research Phase,M2,,,6
MODULE 2,5,Assets Based Accounting Standards,Unit 6,6,5.6,Accounting Standard 26 Intangible Assets,6.15,Development Phase,5.194,M2_C5_U6,M2_C5_U6_T6.15,15,M2_C5_U6_T6.15_Development Phase,M2,,,6
MODULE 2,5,Assets Based Accounting Standards,Unit 6,6,5.6,Accounting Standard 26 Intangible Assets,6.16,Cost of an Internally Generated Intangible Asset,5.195,M2_C5_U6,M2_C5_U6_T6.16,16,M2_C5_U6_T6.16_Cost of an Internally Generated Intangible Asset,M2,,,6
MODULE 2,5,Assets Based Accounting Standards,Unit 6,6,5.6,Accounting Standard 26 Intangible Assets,6.17,Recognition of an Expense,5.197,M2_C5_U6,M2_C5_U6_T6.17,17,M2_C5_U6_T6.17_Recognition of an Expense,M2,,,6
MODULE 2,5,Assets Based Accounting Standards,Unit 6,6,5.6,Accounting Standard 26 Intangible Assets,6.18,Subsequent Expenditure,5.198,M2_C5_U6,M2_C5_U6_T6.18,18,M2_C5_U6_T6.18_Subsequent Expenditure,M2,,,6
MODULE 2,5,Assets Based Accounting Standards,Unit 6,6,5.6,Accounting Standard 26 Intangible Assets,6.19,Measurement subsequent to initial recognition,5.199,M2_C5_U6,M2_C5_U6_T6.19,19,M2_C5_U6_T6.19_Measurement subsequent to initial recognition,M2,,,6
MODULE 2,5,Assets Based Accounting Standards,Unit 6,6,5.6,Accounting Standard 26 Intangible Assets,6.20,Amortisation Period,5.199,M2_C5_U6,M2_C5_U6_T6.20,20,M2_C5_U6_T6.20_Amortisation Period,M2,,,6
MODULE 2,5,Assets Based Accounting Standards,Unit 6,6,5.6,Accounting Standard 26 Intangible Assets,6.21,Amortisation Method,5.201,M2_C5_U6,M2_C5_U6_T6.21,21,M2_C5_U6_T6.21_Amortisation Method,M2,,,6
MODULE 2,5,Assets Based Accounting Standards,Unit 6,6,5.6,Accounting Standard 26 Intangible Assets,6.22,Residual Value,5.202,M2_C5_U6,M2_C5_U6_T6.22,22,M2_C5_U6_T6.22_Residual Value,M2,,,6
MODULE 2,5,Assets Based Accounting Standards,Unit 6,6,5.6,Accounting Standard 26 Intangible Assets,6.23,Review of amortisation period and amortisation method,5.202,M2_C5_U6,M2_C5_U6_T6.23,23,M2_C5_U6_T6.23_Review of amortisation period and amortisation method,M2,,,6
MODULE 2,5,Assets Based Accounting Standards,Unit 6,6,5.6,Accounting Standard 26 Intangible Assets,6.24,Recoverability of the Carrying Amount-Impairment Losses,5.203,M2_C5_U6,M2_C5_U6_T6.24,24,M2_C5_U6_T6.24_Recoverability of the Carrying Amount-Impairment Losses,M2,,,6
MODULE 2,5,Assets Based Accounting Standards,Unit 6,6,5.6,Accounting Standard 26 Intangible Assets,6.25,Retirements and Disposals,5.203,M2_C5_U6,M2_C5_U6_T6.25,25,M2_C5_U6_T6.25_Retirements and Disposals,M2,,,6
MODULE 2,5,Assets Based Accounting Standards,Unit 6,6,5.6,Accounting Standard 26 Intangible Assets,6.26,Disclosure,5.204,M2_C5_U6,M2_C5_U6_T6.26,26,M2_C5_U6_T6.26_Disclosure,M2,,,6
MODULE 2,5,Assets Based Accounting Standards,Unit 6,6,5.6,Accounting Standard 26 Intangible Assets,6.27,Other Disclosures,5.205,M2_C5_U6,M2_C5_U6_T6.27,27,M2_C5_U6_T6.27_Other Disclosures,M2,,,6
MODULE 2,5,Assets Based Accounting Standards,Unit 7,7,5.7,Accounting Standard 28 Impairment of Assets,7.1,Introduction,5.216,M2_C5_U7,M2_C5_U7_T7.1,1,M2_C5_U7_T7.1_Introduction,M2,,,7
MODULE 2,5,Assets Based Accounting Standards,Unit 7,7,5.7,Accounting Standard 28 Impairment of Assets,7.2,Scope,5.217,M2_C5_U7,M2_C5_U7_T7.2,2,M2_C5_U7_T7.2_Scope,M2,,,7
MODULE 2,5,Assets Based Accounting Standards,Unit 7,7,5.7,Accounting Standard 28 Impairment of Assets,7.3,Assessment,5.217,M2_C5_U7,M2_C5_U7_T7.3,3,M2_C5_U7_T7.3_Assessment,M2,,,7
MODULE 2,5,Assets Based Accounting Standards,Unit 7,7,5.7,Accounting Standard 28 Impairment of Assets,7.4,Measurement of Recoverable Amount,5.219,M2_C5_U7,M2_C5_U7_T7.4,4,M2_C5_U7_T7.4_Measurement of Recoverable Amount,M2,,,7
MODULE 2,5,Assets Based Accounting Standards,Unit 7,7,5.7,Accounting Standard 28 Impairment of Assets,7.5,Basis for Estimates of Future Cash Flows,5.221,M2_C5_U7,M2_C5_U7_T7.5,5,M2_C5_U7_T7.5_Basis for Estimates of Future Cash Flows,M2,,,7
MODULE 2,5,Assets Based Accounting Standards,Unit 7,7,5.7,Accounting Standard 28 Impairment of Assets,7.6,Composition of Estimates of Future Cash Flows,5.222,M2_C5_U7,M2_C5_U7_T7.6,6,M2_C5_U7_T7.6_Composition of Estimates of Future Cash Flows,M2,,,7
MODULE 2,5,Assets Based Accounting Standards,Unit 7,7,5.7,Accounting Standard 28 Impairment of Assets,7.7,Recognition and Measurement of an Impairment Loss,5.224,M2_C5_U7,M2_C5_U7_T7.7,7,M2_C5_U7_T7.7_Recognition and Measurement of an Impairment Loss,M2,,,7
MODULE 2,5,Assets Based Accounting Standards,Unit 7,7,5.7,Accounting Standard 28 Impairment of Assets,7.8,Identification of the Cash-Generating Unit to which an Asset Belongs,5.225,M2_C5_U7,M2_C5_U7_T7.8,8,M2_C5_U7_T7.8_Identification of the Cash-Generating Unit to which an Asset Belongs,M2,,,7
MODULE 2,5,Assets Based Accounting Standards,Unit 7,7,5.7,Accounting Standard 28 Impairment of Assets,7.9,Recoverable Amount and Carrying Amount of a Cash-Generating Unit,5.226,M2_C5_U7,M2_C5_U7_T7.9,9,M2_C5_U7_T7.9_Recoverable Amount and Carrying Amount of a Cash-Generating Unit,M2,,,7
MODULE 2,5,Assets Based Accounting Standards,Unit 7,7,5.7,Accounting Standard 28 Impairment of Assets,7.10,Goodwill,5.228,M2_C5_U7,M2_C5_U7_T7.10,10,M2_C5_U7_T7.10_Goodwill,M2,,,7
MODULE 2,5,Assets Based Accounting Standards,Unit 7,7,5.7,Accounting Standard 28 Impairment of Assets,7.11,Corporate Assets,5.231,M2_C5_U7,M2_C5_U7_T7.11,11,M2_C5_U7_T7.11_Corporate Assets,M2,,,7
MODULE 2,5,Assets Based Accounting Standards,Unit 7,7,5.7,Accounting Standard 28 Impairment of Assets,7.12,Impairment Loss for a Cash-Generating Unit,5.231,M2_C5_U7,M2_C5_U7_T7.12,12,M2_C5_U7_T7.12_Impairment Loss for a Cash-Generating Unit,M2,,,7
MODULE 2,5,Assets Based Accounting Standards,Unit 7,7,5.7,Accounting Standard 28 Impairment of Assets,7.13,Reversal of an Impairment Loss,5.233,M2_C5_U7,M2_C5_U7_T7.13,13,M2_C5_U7_T7.13_Reversal of an Impairment Loss,M2,,,7
MODULE 2,5,Assets Based Accounting Standards,Unit 7,7,5.7,Accounting Standard 28 Impairment of Assets,7.14,Reversal of an Impairment Loss for an Individual Asset,5.234,M2_C5_U7,M2_C5_U7_T7.14,14,M2_C5_U7_T7.14_Reversal of an Impairment Loss for an Individual Asset,M2,,,7
MODULE 2,5,Assets Based Accounting Standards,Unit 7,7,5.7,Accounting Standard 28 Impairment of Assets,7.15,Reversal of an Impairment Loss for a Cash-Generating Unit,5.234,M2_C5_U7,M2_C5_U7_T7.15,15,M2_C5_U7_T7.15_Reversal of an Impairment Loss for a Cash-Generating Unit,M2,,,7
MODULE 2,5,Assets Based Accounting Standards,Unit 7,7,5.7,Accounting Standard 28 Impairment of Assets,7.16,Reversal of an Impairment Loss for Goodwill,5.235,M2_C5_U7,M2_C5_U7_T7.16,16,M2_C5_U7_T7.16_Reversal of an Impairment Loss for Goodwill,M2,,,7
MODULE 2,5,Assets Based Accounting Standards,Unit 7,7,5.7,Accounting Standard 28 Impairment of Assets,7.17,Impairment in case of Discontinuing Operations,5.235,M2_C5_U7,M2_C5_U7_T7.17,17,M2_C5_U7_T7.17_Impairment in case of Discontinuing Operations,M2,,,7
MODULE 2,5,Assets Based Accounting Standards,Unit 7,7,5.7,Accounting Standard 28 Impairment of Assets,7.18,Disclosure,5.236,M2_C5_U7,M2_C5_U7_T7.18,18,M2_C5_U7_T7.18_Disclosure,M2,,,7
MODULE 2,5,Assets Based Accounting Standards,Unit 7,7,5.7,Accounting Standard 28 Impairment of Assets,7.19,Illustrations,5.238,M2_C5_U7,M2_C5_U7_T7.19,19,M2_C5_U7_T7.19_Illustrations,M2,,,7
MODULE 2,6,Liabilities Based Accounting Standards,Unit 1,1,6.1,Accounting Standard 15 Employee Benefits,1.1,Introduction,6.2,M2_C6_U1,M2_C6_U1_T1.1,1,M2_C6_U1_T1.1_Introduction,M2,,,1
MODULE 2,6,Liabilities Based Accounting Standards,Unit 1,1,6.1,Accounting Standard 15 Employee Benefits,1.2,Applicability,6.5,M2_C6_U1,M2_C6_U1_T1.2,2,M2_C6_U1_T1.2_Applicability,M2,,,1
MODULE 2,6,Liabilities Based Accounting Standards,Unit 1,1,6.1,Accounting Standard 15 Employee Benefits,1.3,"Meaning of the term ""Employee Benefits""",6.5,M2_C6_U1,M2_C6_U1_T1.3,3,"M2_C6_U1_T1.3_Meaning of the term ""Employee Benefits""",M2,,,1
MODULE 2,6,Liabilities Based Accounting Standards,Unit 1,1,6.1,Accounting Standard 15 Employee Benefits,1.4,Short-term Employee Benefits,6.6,M2_C6_U1,M2_C6_U1_T1.4,4,M2_C6_U1_T1.4_Short-term Employee Benefits,M2,,,1
MODULE 2,6,Liabilities Based Accounting Standards,Unit 1,1,6.1,Accounting Standard 15 Employee Benefits,1.5,Post Employment Benefits: Defined Contribution vs Defined Benefits,6.12,M2_C6_U1,M2_C6_U1_T1.5,5,M2_C6_U1_T1.5_Post Employment Benefits: Defined Contribution vs Defined Benefits,M2,,,1
MODULE 2,6,Liabilities Based Accounting Standards,Unit 1,1,6.1,Accounting Standard 15 Employee Benefits,1.6,Is the Gratuity Scheme a Defined Contribution or Defined Benefit Scheme?,6.13,M2_C6_U1,M2_C6_U1_T1.6,6,M2_C6_U1_T1.6_Is the Gratuity Scheme a Defined Contribution or Defined Benefit Scheme?,M2,,,1
MODULE 2,6,Liabilities Based Accounting Standards,Unit 1,1,6.1,Accounting Standard 15 Employee Benefits,1.7,Accounting Treatment,6.13,M2_C6_U1,M2_C6_U1_T1.7,7,M2_C6_U1_T1.7_Accounting Treatment,M2,,,1
MODULE 2,6,Liabilities Based Accounting Standards,Unit 1,1,6.1,Accounting Standard 15 Employee Benefits,1.8,Disclosures,6.14,M2_C6_U1,M2_C6_U1_T1.8,8,M2_C6_U1_T1.8_Disclosures,M2,,,1
MODULE 2,6,Liabilities Based Accounting Standards,Unit 1,1,6.1,Accounting Standard 15 Employee Benefits,1.9,Actuarial Assumptions,6.15,M2_C6_U1,M2_C6_U1_T1.9,9,M2_C6_U1_T1.9_Actuarial Assumptions,M2,,,1
MODULE 2,6,Liabilities Based Accounting Standards,Unit 1,1,6.1,Accounting Standard 15 Employee Benefits,1.10,Actuarial Gains and Losses,6.16,M2_C6_U1,M2_C6_U1_T1.10,10,M2_C6_U1_T1.10_Actuarial Gains and Losses,M2,,,1
MODULE 2,6,Liabilities Based Accounting Standards,Unit 1,1,6.1,Accounting Standard 15 Employee Benefits,1.11,Other Long Term Employee Benefits,6.21,M2_C6_U1,M2_C6_U1_T1.11,11,M2_C6_U1_T1.11_Other Long Term Employee Benefits,M2,,,1
MODULE 2,6,Liabilities Based Accounting Standards,Unit 1,1,6.1,Accounting Standard 15 Employee Benefits,1.12,Termination Benefits,6.21,M2_C6_U1,M2_C6_U1_T1.12,12,M2_C6_U1_T1.12_Termination Benefits,M2,,,1
MODULE 2,6,Liabilities Based Accounting Standards,Unit 2,2,6.2,"AS 29 (Revised) Provisions, Contingent Liabilities and Contingent Assets",2.1,Introduction,6.28,M2_C6_U2,M2_C6_U2_T2.1,1,M2_C6_U2_T2.1_Introduction,M2,,,2
MODULE 2,6,Liabilities Based Accounting Standards,Unit 2,2,6.2,"AS 29 (Revised) Provisions, Contingent Liabilities and Contingent Assets",2.2,Scope,6.3,M2_C6_U2,M2_C6_U2_T2.2,2,M2_C6_U2_T2.2_Scope,M2,,,2
MODULE 2,6,Liabilities Based Accounting Standards,Unit 2,2,6.2,"AS 29 (Revised) Provisions, Contingent Liabilities and Contingent Assets",2.3,Definitions,6.31,M2_C6_U2,M2_C6_U2_T2.3,3,M2_C6_U2_T2.3_Definitions,M2,,,2
MODULE 2,6,Liabilities Based Accounting Standards,Unit 2,2,6.2,"AS 29 (Revised) Provisions, Contingent Liabilities and Contingent Assets",2.4,Recognition of provision,6.32,M2_C6_U2,M2_C6_U2_T2.4,4,M2_C6_U2_T2.4_Recognition of provision,M2,,,2
MODULE 2,6,Liabilities Based Accounting Standards,Unit 2,2,6.2,"AS 29 (Revised) Provisions, Contingent Liabilities and Contingent Assets",2.5,Present Obligation,6.32,M2_C6_U2,M2_C6_U2_T2.5,5,M2_C6_U2_T2.5_Present Obligation,M2,,,2
MODULE 2,6,Liabilities Based Accounting Standards,Unit 2,2,6.2,"AS 29 (Revised) Provisions, Contingent Liabilities and Contingent Assets",2.6,Past Event,6.33,M2_C6_U2,M2_C6_U2_T2.6,6,M2_C6_U2_T2.6_Past Event,M2,,,2
MODULE 2,6,Liabilities Based Accounting Standards,Unit 2,2,6.2,"AS 29 (Revised) Provisions, Contingent Liabilities and Contingent Assets",2.7,Probable Outflow of Resources Embodying Economic Benefits,6.34,M2_C6_U2,M2_C6_U2_T2.7,7,M2_C6_U2_T2.7_Probable Outflow of Resources Embodying Economic Benefits,M2,,,2
MODULE 2,6,Liabilities Based Accounting Standards,Unit 2,2,6.2,"AS 29 (Revised) Provisions, Contingent Liabilities and Contingent Assets",2.8,Reliable Estimate of the Obligation,6.35,M2_C6_U2,M2_C6_U2_T2.8,8,M2_C6_U2_T2.8_Reliable Estimate of the Obligation,M2,,,2
MODULE 2,6,Liabilities Based Accounting Standards,Unit 2,2,6.2,"AS 29 (Revised) Provisions, Contingent Liabilities and Contingent Assets",2.9,Contingent Liabilities,6.35,M2_C6_U2,M2_C6_U2_T2.9,9,M2_C6_U2_T2.9_Contingent Liabilities,M2,,,2
MODULE 2,6,Liabilities Based Accounting Standards,Unit 2,2,6.2,"AS 29 (Revised) Provisions, Contingent Liabilities and Contingent Assets",2.10,Contingent Assets,6.37,M2_C6_U2,M2_C6_U2_T2.10,10,M2_C6_U2_T2.10_Contingent Assets,M2,,,2
MODULE 2,6,Liabilities Based Accounting Standards,Unit 2,2,6.2,"AS 29 (Revised) Provisions, Contingent Liabilities and Contingent Assets",2.11,Measurement: Best Estimate,6.38,M2_C6_U2,M2_C6_U2_T2.11,11,M2_C6_U2_T2.11_Measurement: Best Estimate,M2,,,2
MODULE 2,6,Liabilities Based Accounting Standards,Unit 2,2,6.2,"AS 29 (Revised) Provisions, Contingent Liabilities and Contingent Assets",2.12,Risks and uncertainties,6.38,M2_C6_U2,M2_C6_U2_T2.12,12,M2_C6_U2_T2.12_Risks and uncertainties,M2,,,2
MODULE 2,6,Liabilities Based Accounting Standards,Unit 2,2,6.2,"AS 29 (Revised) Provisions, Contingent Liabilities and Contingent Assets",2.13,Future Events,6.39,M2_C6_U2,M2_C6_U2_T2.13,13,M2_C6_U2_T2.13_Future Events,M2,,,2
MODULE 2,6,Liabilities Based Accounting Standards,Unit 2,2,6.2,"AS 29 (Revised) Provisions, Contingent Liabilities and Contingent Assets",2.14,Expected Disposal of Assets,6.39,M2_C6_U2,M2_C6_U2_T2.14,14,M2_C6_U2_T2.14_Expected Disposal of Assets,M2,,,2
MODULE 2,6,Liabilities Based Accounting Standards,Unit 2,2,6.2,"AS 29 (Revised) Provisions, Contingent Liabilities and Contingent Assets",2.15,Reimbursements,6.4,M2_C6_U2,M2_C6_U2_T2.15,15,M2_C6_U2_T2.15_Reimbursements,M2,,,2
MODULE 2,6,Liabilities Based Accounting Standards,Unit 2,2,6.2,"AS 29 (Revised) Provisions, Contingent Liabilities and Contingent Assets",2.16,Table- Reimbursements,6.4,M2_C6_U2,M2_C6_U2_T2.16,16,M2_C6_U2_T2.16_Table- Reimbursements,M2,,,2
MODULE 2,6,Liabilities Based Accounting Standards,Unit 2,2,6.2,"AS 29 (Revised) Provisions, Contingent Liabilities and Contingent Assets",2.17,Changes in Provisions,6.41,M2_C6_U2,M2_C6_U2_T2.17,17,M2_C6_U2_T2.17_Changes in Provisions,M2,,,2
MODULE 2,6,Liabilities Based Accounting Standards,Unit 2,2,6.2,"AS 29 (Revised) Provisions, Contingent Liabilities and Contingent Assets",2.18,Use of Provisions,6.41,M2_C6_U2,M2_C6_U2_T2.18,18,M2_C6_U2_T2.18_Use of Provisions,M2,,,2
MODULE 2,6,Liabilities Based Accounting Standards,Unit 2,2,6.2,"AS 29 (Revised) Provisions, Contingent Liabilities and Contingent Assets",2.19,Application of the Recognition and Measurement Rules,6.42,M2_C6_U2,M2_C6_U2_T2.19,19,M2_C6_U2_T2.19_Application of the Recognition and Measurement Rules,M2,,,2
MODULE 2,6,Liabilities Based Accounting Standards,Unit 2,2,6.2,"AS 29 (Revised) Provisions, Contingent Liabilities and Contingent Assets",2.20,Disclosure,6.43,M2_C6_U2,M2_C6_U2_T2.20,20,M2_C6_U2_T2.20_Disclosure,M2,,,2
MODULE 2,7,Accounting Standards based on items impacting Financial Statements,Unit 1,1,7.1,Accounting Standard 4 Contingencies and Events occurring after the Balance Sheet Date,1.1,Introduction,7.1,M2_C7_U1,M2_C7_U1_T1.1,1,M2_C7_U1_T1.1_Introduction,M2,,,1
MODULE 2,7,Accounting Standards based on items impacting Financial Statements,Unit 1,1,7.1,Accounting Standard 4 Contingencies and Events occurring after the Balance Sheet Date,1.2,Contingencies,7.2,M2_C7_U1,M2_C7_U1_T1.2,2,M2_C7_U1_T1.2_Contingencies,M2,,,1
MODULE 2,7,Accounting Standards based on items impacting Financial Statements,Unit 1,1,7.1,Accounting Standard 4 Contingencies and Events occurring after the Balance Sheet Date,1.3,Events Occurring after the Balance Sheet Date,7.3,M2_C7_U1,M2_C7_U1_T1.3,3,M2_C7_U1_T1.3_Events Occurring after the Balance Sheet Date,M2,,,1
MODULE 2,7,Accounting Standards based on items impacting Financial Statements,Unit 1,1,7.1,Accounting Standard 4 Contingencies and Events occurring after the Balance Sheet Date,1.4,Adjusting Events,7.4,M2_C7_U1,M2_C7_U1_T1.4,4,M2_C7_U1_T1.4_Adjusting Events,M2,,,1
MODULE 2,7,Accounting Standards based on items impacting Financial Statements,Unit 1,1,7.1,Accounting Standard 4 Contingencies and Events occurring after the Balance Sheet Date,1.5,Non-Adjusting Events,7.4,M2_C7_U1,M2_C7_U1_T1.5,5,M2_C7_U1_T1.5_Non-Adjusting Events,M2,,,1
MODULE 2,7,Accounting Standards based on items impacting Financial Statements,Unit 1,1,7.1,Accounting Standard 4 Contingencies and Events occurring after the Balance Sheet Date,1.6,Disclosure,7.6,M2_C7_U1,M2_C7_U1_T1.6,6,M2_C7_U1_T1.6_Disclosure,M2,,,1
MODULE 2,7,Accounting Standards based on items impacting Financial Statements,Unit 2,2,7.2,"Accounting Standard 5 Net Profit or Loss for the Period, Prior Period Items and Changes in Accounting Policies",2.1,Introduction,7.14,M2_C7_U2,M2_C7_U2_T2.1,1,M2_C7_U2_T2.1_Introduction,M2,,,2
MODULE 2,7,Accounting Standards based on items impacting Financial Statements,Unit 2,2,7.2,"Accounting Standard 5 Net Profit or Loss for the Period, Prior Period Items and Changes in Accounting Policies",2.2,Net Profit or Loss for the Period,7.15,M2_C7_U2,M2_C7_U2_T2.2,2,M2_C7_U2_T2.2_Net Profit or Loss for the Period,M2,,,2
MODULE 2,7,Accounting Standards based on items impacting Financial Statements,Unit 2,2,7.2,"Accounting Standard 5 Net Profit or Loss for the Period, Prior Period Items and Changes in Accounting Policies",2.3,Prior Period Items,7.17,M2_C7_U2,M2_C7_U2_T2.3,3,M2_C7_U2_T2.3_Prior Period Items,M2,,,2
MODULE 2,7,Accounting Standards based on items impacting Financial Statements,Unit 2,2,7.2,"Accounting Standard 5 Net Profit or Loss for the Period, Prior Period Items and Changes in Accounting Policies",2.4,Changes in Accounting Estimates,7.18,M2_C7_U2,M2_C7_U2_T2.4,4,M2_C7_U2_T2.4_Changes in Accounting Estimates,M2,,,2
MODULE 2,7,Accounting Standards based on items impacting Financial Statements,Unit 2,2,7.2,"Accounting Standard 5 Net Profit or Loss for the Period, Prior Period Items and Changes in Accounting Policies",2.5,Changes in Accounting Policies,7.2,M2_C7_U2,M2_C7_U2_T2.5,5,M2_C7_U2_T2.5_Changes in Accounting Policies,M2,,,2
MODULE 2,7,Accounting Standards based on items impacting Financial Statements,Unit 3,3,7.3,Accounting Standard 11 The Effects of Changes in Foreign Exchange Rates,3.1,Introduction,7.28,M2_C7_U3,M2_C7_U3_T3.1,1,M2_C7_U3_T3.1_Introduction,M2,,,3
MODULE 2,7,Accounting Standards based on items impacting Financial Statements,Unit 3,3,7.3,Accounting Standard 11 The Effects of Changes in Foreign Exchange Rates,3.2,Definitions of the terms used in the Standard,7.3,M2_C7_U3,M2_C7_U3_T3.2,2,M2_C7_U3_T3.2_Definitions of the terms used in the Standard,M2,,,3
MODULE 2,7,Accounting Standards based on items impacting Financial Statements,Unit 3,3,7.3,Accounting Standard 11 The Effects of Changes in Foreign Exchange Rates,3.3,Initial Recognition,7.31,M2_C7_U3,M2_C7_U3_T3.3,3,M2_C7_U3_T3.3_Initial Recognition,M2,,,3
MODULE 2,7,Accounting Standards based on items impacting Financial Statements,Unit 3,3,7.3,Accounting Standard 11 The Effects of Changes in Foreign Exchange Rates,3.4,Reporting at each balance sheet date,7.32,M2_C7_U3,M2_C7_U3_T3.4,4,M2_C7_U3_T3.4_Reporting at each balance sheet date,M2,,,3
MODULE 2,7,Accounting Standards based on items impacting Financial Statements,Unit 3,3,7.3,Accounting Standard 11 The Effects of Changes in Foreign Exchange Rates,3.5,Recognition of Exchange Differences,7.32,M2_C7_U3,M2_C7_U3_T3.5,5,M2_C7_U3_T3.5_Recognition of Exchange Differences,M2,,,3
MODULE 2,7,Accounting Standards based on items impacting Financial Statements,Unit 3,3,7.3,Accounting Standard 11 The Effects of Changes in Foreign Exchange Rates,3.6,Classification of Foreign Operations as Integral or Non-integral,7.34,M2_C7_U3,M2_C7_U3_T3.6,6,M2_C7_U3_T3.6_Classification of Foreign Operations as Integral or Non-integral,M2,,,3
MODULE 2,7,Accounting Standards based on items impacting Financial Statements,Unit 3,3,7.3,Accounting Standard 11 The Effects of Changes in Foreign Exchange Rates,3.7,Translation of Foreign Integral Operations,7.35,M2_C7_U3,M2_C7_U3_T3.7,7,M2_C7_U3_T3.7_Translation of Foreign Integral Operations,M2,,,3
MODULE 2,7,Accounting Standards based on items impacting Financial Statements,Unit 3,3,7.3,Accounting Standard 11 The Effects of Changes in Foreign Exchange Rates,3.8,Translation of Non-Integral Foreign Operations,7.36,M2_C7_U3,M2_C7_U3_T3.8,8,M2_C7_U3_T3.8_Translation of Non-Integral Foreign Operations,M2,,,3
MODULE 2,7,Accounting Standards based on items impacting Financial Statements,Unit 3,3,7.3,Accounting Standard 11 The Effects of Changes in Foreign Exchange Rates,3.9,Change in the Classification of a Foreign Operation,7.4,M2_C7_U3,M2_C7_U3_T3.9,9,M2_C7_U3_T3.9_Change in the Classification of a Foreign Operation,M2,,,3
MODULE 2,7,Accounting Standards based on items impacting Financial Statements,Unit 3,3,7.3,Accounting Standard 11 The Effects of Changes in Foreign Exchange Rates,3.10,Tax Effects of Exchange Differences,7.41,M2_C7_U3,M2_C7_U3_T3.10,10,M2_C7_U3_T3.10_Tax Effects of Exchange Differences,M2,,,3
MODULE 2,7,Accounting Standards based on items impacting Financial Statements,Unit 3,3,7.3,Accounting Standard 11 The Effects of Changes in Foreign Exchange Rates,3.11,Forward Exchange Contract,7.41,M2_C7_U3,M2_C7_U3_T3.11,11,M2_C7_U3_T3.11_Forward Exchange Contract,M2,,,3
MODULE 2,7,Accounting Standards based on items impacting Financial Statements,Unit 3,3,7.3,Accounting Standard 11 The Effects of Changes in Foreign Exchange Rates,3.12,Disclosure,7.45,M2_C7_U3,M2_C7_U3_T3.12,12,M2_C7_U3_T3.12_Disclosure,M2,,,3
MODULE 2,7,Accounting Standards based on items impacting Financial Statements,Unit 3,3,7.3,Accounting Standard 11 The Effects of Changes in Foreign Exchange Rates,3.13,Presentation of Foreign Currency Monetary Item Translation Difference Account (FCMITDA),7.46,M2_C7_U3,M2_C7_U3_T3.13,13,M2_C7_U3_T3.13_Presentation of Foreign Currency Monetary Item Translation Difference Account (FCMITDA),M2,,,3
MODULE 2,7,Accounting Standards based on items impacting Financial Statements,Unit 4,4,7.4,Accounting Standard 22 Accounting for Taxes on Income,4.1,Introduction,7.54,M2_C7_U4,M2_C7_U4_T4.1,1,M2_C7_U4_T4.1_Introduction,M2,,,4
MODULE 2,7,Accounting Standards based on items impacting Financial Statements,Unit 4,4,7.4,Accounting Standard 22 Accounting for Taxes on Income,4.2,Objective,7.54,M2_C7_U4,M2_C7_U4_T4.2,2,M2_C7_U4_T4.2_Objective,M2,,,4
MODULE 2,7,Accounting Standards based on items impacting Financial Statements,Unit 4,4,7.4,Accounting Standard 22 Accounting for Taxes on Income,4.3,Definitions,7.55,M2_C7_U4,M2_C7_U4_T4.3,3,M2_C7_U4_T4.3_Definitions,M2,,,4
MODULE 2,7,Accounting Standards based on items impacting Financial Statements,Unit 4,4,7.4,Accounting Standard 22 Accounting for Taxes on Income,4.4,Recognition,7.56,M2_C7_U4,M2_C7_U4_T4.4,4,M2_C7_U4_T4.4_Recognition,M2,,,4
MODULE 2,7,Accounting Standards based on items impacting Financial Statements,Unit 4,4,7.4,Accounting Standard 22 Accounting for Taxes on Income,4.5,Measurement,7.57,M2_C7_U4,M2_C7_U4_T4.5,5,M2_C7_U4_T4.5_Measurement,M2,,,4
MODULE 2,7,Accounting Standards based on items impacting Financial Statements,Unit 4,4,7.4,Accounting Standard 22 Accounting for Taxes on Income,4.6,Re-assessment of Unrecognised Deferred Tax Assets,7.57,M2_C7_U4,M2_C7_U4_T4.6,6,M2_C7_U4_T4.6_Re-assessment of Unrecognised Deferred Tax Assets,M2,,,4
MODULE 2,7,Accounting Standards based on items impacting Financial Statements,Unit 4,4,7.4,Accounting Standard 22 Accounting for Taxes on Income,4.7,Review of previously recognised Deferred Tax Assets,7.57,M2_C7_U4,M2_C7_U4_T4.7,7,M2_C7_U4_T4.7_Review of previously recognised Deferred Tax Assets,M2,,,4
MODULE 2,7,Accounting Standards based on items impacting Financial Statements,Unit 4,4,7.4,Accounting Standard 22 Accounting for Taxes on Income,4.8,Virtual certainty supported by convincing evidence,7.58,M2_C7_U4,M2_C7_U4_T4.8,8,M2_C7_U4_T4.8_Virtual certainty supported by convincing evidence,M2,,,4
MODULE 2,7,Accounting Standards based on items impacting Financial Statements,Unit 4,4,7.4,Accounting Standard 22 Accounting for Taxes on Income,4.9,Disclosure,7.58,M2_C7_U4,M2_C7_U4_T4.9,9,M2_C7_U4_T4.9_Disclosure,M2,,,4
MODULE 2,7,Accounting Standards based on items impacting Financial Statements,Unit 4,4,7.4,Accounting Standard 22 Accounting for Taxes on Income,4.10,Relevant Explanations to AS 22,7.59,M2_C7_U4,M2_C7_U4_T4.10,10,M2_C7_U4_T4.10_Relevant Explanations to AS 22,M2,,,4
MODULE 2,8,Revenue Based Accounting Standards,Unit 1,1,8.1,Accounting Standard 7 Construction Contracts,1.1,Significance of the Standard,8.2,M2_C8_U1,M2_C8_U1_T1.1,1,M2_C8_U1_T1.1_Significance of the Standard,M2,,,1
MODULE 2,8,Revenue Based Accounting Standards,Unit 1,1,8.1,Accounting Standard 7 Construction Contracts,1.2,Introduction,8.3,M2_C8_U1,M2_C8_U1_T1.2,2,M2_C8_U1_T1.2_Introduction,M2,,,1
MODULE 2,8,Revenue Based Accounting Standards,Unit 1,1,8.1,Accounting Standard 7 Construction Contracts,1.3,Combining and Segmenting Construction Contracts,8.4,M2_C8_U1,M2_C8_U1_T1.3,3,M2_C8_U1_T1.3_Combining and Segmenting Construction Contracts,M2,,,1
MODULE 2,8,Revenue Based Accounting Standards,Unit 1,1,8.1,Accounting Standard 7 Construction Contracts,1.4,Types of construction contracts,8.6,M2_C8_U1,M2_C8_U1_T1.4,4,M2_C8_U1_T1.4_Types of construction contracts,M2,,,1
MODULE 2,8,Revenue Based Accounting Standards,Unit 1,1,8.1,Accounting Standard 7 Construction Contracts,1.5,Contract Revenue and Costs,8.7,M2_C8_U1,M2_C8_U1_T1.5,5,M2_C8_U1_T1.5_Contract Revenue and Costs,M2,,,1
MODULE 2,8,Revenue Based Accounting Standards,Unit 1,1,8.1,Accounting Standard 7 Construction Contracts,1.6,Percentage Completion Method,8.12,M2_C8_U1,M2_C8_U1_T1.6,6,M2_C8_U1_T1.6_Percentage Completion Method,M2,,,1
MODULE 2,8,Revenue Based Accounting Standards,Unit 1,1,8.1,Accounting Standard 7 Construction Contracts,1.7,Treatment of Costs Relating to Future Activity,8.17,M2_C8_U1,M2_C8_U1_T1.7,7,M2_C8_U1_T1.7_Treatment of Costs Relating to Future Activity,M2,,,1
MODULE 2,8,Revenue Based Accounting Standards,Unit 1,1,8.1,Accounting Standard 7 Construction Contracts,1.8,Uncollectable Contract Revenue,8.17,M2_C8_U1,M2_C8_U1_T1.8,8,M2_C8_U1_T1.8_Uncollectable Contract Revenue,M2,,,1
MODULE 2,8,Revenue Based Accounting Standards,Unit 1,1,8.1,Accounting Standard 7 Construction Contracts,1.9,Stage of Completion,8.18,M2_C8_U1,M2_C8_U1_T1.9,9,M2_C8_U1_T1.9_Stage of Completion,M2,,,1
MODULE 2,8,Revenue Based Accounting Standards,Unit 1,1,8.1,Accounting Standard 7 Construction Contracts,1.10,Changes in Estimates,8.2,M2_C8_U1,M2_C8_U1_T1.10,10,M2_C8_U1_T1.10_Changes in Estimates,M2,,,1
MODULE 2,8,Revenue Based Accounting Standards,Unit 1,1,8.1,Accounting Standard 7 Construction Contracts,1.11,Disclosure,8.2,M2_C8_U1,M2_C8_U1_T1.11,11,M2_C8_U1_T1.11_Disclosure,M2,,,1
MODULE 2,8,Revenue Based Accounting Standards,Unit 2,2,8.2,Accounting Standard 9 Revenue Recognition,2.1,Introduction,8.34,M2_C8_U2,M2_C8_U2_T2.1,1,M2_C8_U2_T2.1_Introduction,M2,,,2
MODULE 2,8,Revenue Based Accounting Standards,Unit 2,2,8.2,Accounting Standard 9 Revenue Recognition,2.2,Definition of Revenue,8.36,M2_C8_U2,M2_C8_U2_T2.2,2,M2_C8_U2_T2.2_Definition of Revenue,M2,,,2
MODULE 2,8,Revenue Based Accounting Standards,Unit 2,2,8.2,Accounting Standard 9 Revenue Recognition,2.3,Agency Relationship,8.37,M2_C8_U2,M2_C8_U2_T2.3,3,M2_C8_U2_T2.3_Agency Relationship,M2,,,2
MODULE 2,8,Revenue Based Accounting Standards,Unit 2,2,8.2,Accounting Standard 9 Revenue Recognition,2.4,Sale of Goods,8.39,M2_C8_U2,M2_C8_U2_T2.4,4,M2_C8_U2_T2.4_Sale of Goods,M2,,,2
MODULE 2,8,Revenue Based Accounting Standards,Unit 2,2,8.2,Accounting Standard 9 Revenue Recognition,2.5,Timing of Recognition of Revenue from Sale of Goods,8.39,M2_C8_U2,M2_C8_U2_T2.5,5,M2_C8_U2_T2.5_Timing of Recognition of Revenue from Sale of Goods,M2,,,2
MODULE 2,8,Revenue Based Accounting Standards,Unit 2,2,8.2,Accounting Standard 9 Revenue Recognition,2.6,Rendering of Services,8.41,M2_C8_U2,M2_C8_U2_T2.6,6,M2_C8_U2_T2.6_Rendering of Services,M2,,,2
MODULE 2,8,Revenue Based Accounting Standards,Unit 2,2,8.2,Accounting Standard 9 Revenue Recognition,2.7,"Income from other sources - Interest, Royalties and Dividends",8.42,M2_C8_U2,M2_C8_U2_T2.7,7,"M2_C8_U2_T2.7_Income from other sources - Interest, Royalties and Dividends",M2,,,2
MODULE 2,8,Revenue Based Accounting Standards,Unit 2,2,8.2,Accounting Standard 9 Revenue Recognition,2.8,Conditions for Sale of Goods,8.44,M2_C8_U2,M2_C8_U2_T2.8,8,M2_C8_U2_T2.8_Conditions for Sale of Goods,M2,,,2
MODULE 2,8,Revenue Based Accounting Standards,Unit 2,2,8.2,Accounting Standard 9 Revenue Recognition,2.9,Effect of Uncertainties on Revenue Recognition,8.47,M2_C8_U2,M2_C8_U2_T2.9,9,M2_C8_U2_T2.9_Effect of Uncertainties on Revenue Recognition,M2,,,2
MODULE 2,8,Revenue Based Accounting Standards,Unit 2,2,8.2,Accounting Standard 9 Revenue Recognition,2.10,Disclosure,8.48,M2_C8_U2,M2_C8_U2_T2.10,10,M2_C8_U2_T2.10_Disclosure,M2,,,2
MODULE 2,9,Other Accounting Standards,Unit 1,1,9.1,Accounting Standard 12 Accounting for Government Grants,1.1,Introduction,9.2,M2_C9_U1,M2_C9_U1_T1.1,1,M2_C9_U1_T1.1_Introduction,M2,,,1
MODULE 2,9,Other Accounting Standards,Unit 1,1,9.1,Accounting Standard 12 Accounting for Government Grants,1.2,Government Grants,9.2,M2_C9_U1,M2_C9_U1_T1.2,2,M2_C9_U1_T1.2_Government Grants,M2,,,1
MODULE 2,9,Other Accounting Standards,Unit 1,1,9.1,Accounting Standard 12 Accounting for Government Grants,1.3,Accounting Treatment of Government Grants,9.3,M2_C9_U1,M2_C9_U1_T1.3,3,M2_C9_U1_T1.3_Accounting Treatment of Government Grants,M2,,,1
MODULE 2,9,Other Accounting Standards,Unit 1,1,9.1,Accounting Standard 12 Accounting for Government Grants,1.4,Recognition of Government Grants,9.3,M2_C9_U1,M2_C9_U1_T1.4,4,M2_C9_U1_T1.4_Recognition of Government Grants,M2,,,1
MODULE 2,9,Other Accounting Standards,Unit 1,1,9.1,Accounting Standard 12 Accounting for Government Grants,1.5,Non-monetary Government Grants,9.4,M2_C9_U1,M2_C9_U1_T1.5,5,M2_C9_U1_T1.5_Non-monetary Government Grants,M2,,,1
MODULE 2,9,Other Accounting Standards,Unit 1,1,9.1,Accounting Standard 12 Accounting for Government Grants,1.6,Presentation of Grants Related to Specific Fixed Assets,9.4,M2_C9_U1,M2_C9_U1_T1.6,6,M2_C9_U1_T1.6_Presentation of Grants Related to Specific Fixed Assets,M2,,,1
MODULE 2,9,Other Accounting Standards,Unit 1,1,9.1,Accounting Standard 12 Accounting for Government Grants,1.7,Presentation of Grants Related to Revenue,9.8,M2_C9_U1,M2_C9_U1_T1.7,7,M2_C9_U1_T1.7_Presentation of Grants Related to Revenue,M2,,,1
MODULE 2,9,Other Accounting Standards,Unit 1,1,9.1,Accounting Standard 12 Accounting for Government Grants,1.8,Presentation of Grants of the Nature of Promoters' Contribution,9.9,M2_C9_U1,M2_C9_U1_T1.8,8,M2_C9_U1_T1.8_Presentation of Grants of the Nature of Promoters' Contribution,M2,,,1
MODULE 2,9,Other Accounting Standards,Unit 1,1,9.1,Accounting Standard 12 Accounting for Government Grants,1.9,Refund of Government Grants,9.11,M2_C9_U1,M2_C9_U1_T1.9,9,M2_C9_U1_T1.9_Refund of Government Grants,M2,,,1
MODULE 2,9,Other Accounting Standards,Unit 1,1,9.1,Accounting Standard 12 Accounting for Government Grants,1.10,Disclosure,9.12,M2_C9_U1,M2_C9_U1_T1.10,10,M2_C9_U1_T1.10_Disclosure,M2,,,1
MODULE 2,9,Other Accounting Standards,Unit 2,2,9.2,Accounting Standard 14 Accounting for Amalgamations,2.1,Introduction,9.23,M2_C9_U2,M2_C9_U2_T2.1,1,M2_C9_U2_T2.1_Introduction,M2,,,2
MODULE 2,9,Other Accounting Standards,Unit 2,2,9.2,Accounting Standard 14 Accounting for Amalgamations,2.2,Definition of the Terms used in the Standard,9.24,M2_C9_U2,M2_C9_U2_T2.2,2,M2_C9_U2_T2.2_Definition of the Terms used in the Standard,M2,,,2
MODULE 2,9,Other Accounting Standards,Unit 2,2,9.2,Accounting Standard 14 Accounting for Amalgamations,2.3,Types of Amalgamations,9.24,M2_C9_U2,M2_C9_U2_T2.3,3,M2_C9_U2_T2.3_Types of Amalgamations,M2,,,2
MODULE 2,9,Other Accounting Standards,Unit 2,2,9.2,Accounting Standard 14 Accounting for Amalgamations,2.4,Amalgamation in the Nature of Merger,9.25,M2_C9_U2,M2_C9_U2_T2.4,4,M2_C9_U2_T2.4_Amalgamation in the Nature of Merger,M2,,,2
MODULE 2,9,Other Accounting Standards,Unit 2,2,9.2,Accounting Standard 14 Accounting for Amalgamations,2.5,Amalgamation in the Nature of Purchase,9.26,M2_C9_U2,M2_C9_U2_T2.5,5,M2_C9_U2_T2.5_Amalgamation in the Nature of Purchase,M2,,,2
MODULE 2,9,Other Accounting Standards,Unit 2,2,9.2,Accounting Standard 14 Accounting for Amalgamations,2.6,Methods of Accounting for Amalgamations,9.26,M2_C9_U2,M2_C9_U2_T2.6,6,M2_C9_U2_T2.6_Methods of Accounting for Amalgamations,M2,,,2
MODULE 2,9,Other Accounting Standards,Unit 2,2,9.2,Accounting Standard 14 Accounting for Amalgamations,2.7,Consideration,9.27,M2_C9_U2,M2_C9_U2_T2.7,7,M2_C9_U2_T2.7_Consideration,M2,,,2
MODULE 2,9,Other Accounting Standards,Unit 2,2,9.2,Accounting Standard 14 Accounting for Amalgamations,2.8,Treatment of Reserves of the Transferor Company on Amalgamation,9.28,M2_C9_U2,M2_C9_U2_T2.8,8,M2_C9_U2_T2.8_Treatment of Reserves of the Transferor Company on Amalgamation,M2,,,2
MODULE 2,9,Other Accounting Standards,Unit 2,2,9.2,Accounting Standard 14 Accounting for Amalgamations,2.9,Adjustments to reserves - Amalgamation in the Nature of Merger,9.28,M2_C9_U2,M2_C9_U2_T2.9,9,M2_C9_U2_T2.9_Adjustments to reserves - Amalgamation in the Nature of Merger,M2,,,2
MODULE 2,9,Other Accounting Standards,Unit 2,2,9.2,Accounting Standard 14 Accounting for Amalgamations,2.10,Adjustments to reserves - Amalgamation in the Nature of Purchase,9.29,M2_C9_U2,M2_C9_U2_T2.10,10,M2_C9_U2_T2.10_Adjustments to reserves - Amalgamation in the Nature of Purchase,M2,,,2
MODULE 2,9,Other Accounting Standards,Unit 2,2,9.2,Accounting Standard 14 Accounting for Amalgamations,2.11,Treatment of Goodwill Arising on Amalgamation,9.3,M2_C9_U2,M2_C9_U2_T2.11,11,M2_C9_U2_T2.11_Treatment of Goodwill Arising on Amalgamation,M2,,,2
MODULE 2,9,Other Accounting Standards,Unit 2,2,9.2,Accounting Standard 14 Accounting for Amalgamations,2.12,Balance of Profit and Loss Account,9.31,M2_C9_U2,M2_C9_U2_T2.12,12,M2_C9_U2_T2.12_Balance of Profit and Loss Account,M2,,,2
MODULE 2,9,Other Accounting Standards,Unit 2,2,9.2,Accounting Standard 14 Accounting for Amalgamations,2.13,Disclosures,9.31,M2_C9_U2,M2_C9_U2_T2.13,13,M2_C9_U2_T2.13_Disclosures,M2,,,2
MODULE 2,9,Other Accounting Standards,Unit 2,2,9.2,Accounting Standard 14 Accounting for Amalgamations,2.14,Amalgamation after the Balance Sheet Date,9.32,M2_C9_U2,M2_C9_U2_T2.14,14,M2_C9_U2_T2.14_Amalgamation after the Balance Sheet Date,M2,,,2
MODULE 2,10,Accounting Standards for Consolidated Financial Statements,Unit 1,1,10.1,Accounting Standard 21 Consolidated Financial Statements,1.1,"Concept of Group, Holding Company and Subsidiary Company",10.2,M2_C10_U1,M2_C10_U1_T1.1,1,"M2_C10_U1_T1.1_Concept of Group, Holding Company and Subsidiary Company",M2,,,1
MODULE 2,10,Accounting Standards for Consolidated Financial Statements,Unit 1,1,10.1,Accounting Standard 21 Consolidated Financial Statements,1.2,Objectives of AS 21,10.5,M2_C10_U1,M2_C10_U1_T1.2,2,M2_C10_U1_T1.2_Objectives of AS 21,M2,,,1
MODULE 2,10,Accounting Standards for Consolidated Financial Statements,Unit 1,1,10.1,Accounting Standard 21 Consolidated Financial Statements,1.3,Wholly Owned and Partly Owned Subsidiaries,10.7,M2_C10_U1,M2_C10_U1_T1.3,3,M2_C10_U1_T1.3_Wholly Owned and Partly Owned Subsidiaries,M2,,,1
MODULE 2,10,Accounting Standards for Consolidated Financial Statements,Unit 1,1,10.1,Accounting Standard 21 Consolidated Financial Statements,1.4,Purpose of Preparing the Consolidated Financial Statements,10.7,M2_C10_U1,M2_C10_U1_T1.4,4,M2_C10_U1_T1.4_Purpose of Preparing the Consolidated Financial Statements,M2,,,1
MODULE 2,10,Accounting Standards for Consolidated Financial Statements,Unit 1,1,10.1,Accounting Standard 21 Consolidated Financial Statements,1.5,Scope of AS 21,10.1,M2_C10_U1,M2_C10_U1_T1.5,5,M2_C10_U1_T1.5_Scope of AS 21,M2,,,1
MODULE 2,10,Accounting Standards for Consolidated Financial Statements,Unit 1,1,10.1,Accounting Standard 21 Consolidated Financial Statements,1.6,Control,10.11,M2_C10_U1,M2_C10_U1_T1.6,6,M2_C10_U1_T1.6_Control,M2,,,1
MODULE 2,10,Accounting Standards for Consolidated Financial Statements,Unit 1,1,10.1,Accounting Standard 21 Consolidated Financial Statements,1.7,Exclusion from Preparation of Consolidated Financial Statements,10.12,M2_C10_U1,M2_C10_U1_T1.7,7,M2_C10_U1_T1.7_Exclusion from Preparation of Consolidated Financial Statements,M2,,,1
MODULE 2,10,Accounting Standards for Consolidated Financial Statements,Unit 1,1,10.1,Accounting Standard 21 Consolidated Financial Statements,1.8,Advantages of Consolidated Financial Statements,10.15,M2_C10_U1,M2_C10_U1_T1.8,8,M2_C10_U1_T1.8_Advantages of Consolidated Financial Statements,M2,,,1
MODULE 2,10,Accounting Standards for Consolidated Financial Statements,Unit 1,1,10.1,Accounting Standard 21 Consolidated Financial Statements,1.9,Components of Consolidated Financial Statements,10.16,M2_C10_U1,M2_C10_U1_T1.9,9,M2_C10_U1_T1.9_Components of Consolidated Financial Statements,M2,,,1
MODULE 2,10,Accounting Standards for Consolidated Financial Statements,Unit 1,1,10.1,Accounting Standard 21 Consolidated Financial Statements,1.10,Consolidation Procedures,10.18,M2_C10_U1,M2_C10_U1_T1.10,10,M2_C10_U1_T1.10_Consolidation Procedures,M2,,,1
MODULE 2,10,Accounting Standards for Consolidated Financial Statements,Unit 1,1,10.1,Accounting Standard 21 Consolidated Financial Statements,1.11,Calculation of Goodwill/Capital Reserve (Cost of Control),10.2,M2_C10_U1,M2_C10_U1_T1.11,11,M2_C10_U1_T1.11_Calculation of Goodwill/Capital Reserve (Cost of Control),M2,,,1
MODULE 2,10,Accounting Standards for Consolidated Financial Statements,Unit 1,1,10.1,Accounting Standard 21 Consolidated Financial Statements,1.12,Minority Interests,10.24,M2_C10_U1,M2_C10_U1_T1.12,12,M2_C10_U1_T1.12_Minority Interests,M2,,,1
MODULE 2,10,Accounting Standards for Consolidated Financial Statements,Unit 1,1,10.1,Accounting Standard 21 Consolidated Financial Statements,1.13,Profit or Loss of Subsidiary Company,10.26,M2_C10_U1,M2_C10_U1_T1.13,13,M2_C10_U1_T1.13_Profit or Loss of Subsidiary Company,M2,,,1
MODULE 2,10,Accounting Standards for Consolidated Financial Statements,Unit 1,1,10.1,Accounting Standard 21 Consolidated Financial Statements,1.14,Consolidation Adjustments,10.27,M2_C10_U1,M2_C10_U1_T1.14,14,M2_C10_U1_T1.14_Consolidation Adjustments,M2,,,1
MODULE 2,10,Accounting Standards for Consolidated Financial Statements,Unit 1,1,10.1,Accounting Standard 21 Consolidated Financial Statements,1.15,Preparation of Consolidated Statement of Profit and Loss,10.73,M2_C10_U1,M2_C10_U1_T1.15,15,M2_C10_U1_T1.15_Preparation of Consolidated Statement of Profit and Loss,M2,,,1
MODULE 2,10,Accounting Standards for Consolidated Financial Statements,Unit 1,1,10.1,Accounting Standard 21 Consolidated Financial Statements,1.16,Preparation of Consolidated Cash Flow Statement,10.76,M2_C10_U1,M2_C10_U1_T1.16,16,M2_C10_U1_T1.16_Preparation of Consolidated Cash Flow Statement,M2,,,1
MODULE 2,10,Accounting Standards for Consolidated Financial Statements,Unit 1,1,10.1,Accounting Standard 21 Consolidated Financial Statements,1.17,Uniform Accounting Policies,10.78,M2_C10_U1,M2_C10_U1_T1.17,17,M2_C10_U1_T1.17_Uniform Accounting Policies,M2,,,1
MODULE 2,10,Accounting Standards for Consolidated Financial Statements,Unit 1,1,10.1,Accounting Standard 21 Consolidated Financial Statements,1.18,Treatment of Subsidiary Company having Preference Share Capital,10.83,M2_C10_U1,M2_C10_U1_T1.18,18,M2_C10_U1_T1.18_Treatment of Subsidiary Company having Preference Share Capital,M2,,,1
MODULE 2,10,Accounting Standards for Consolidated Financial Statements,Unit 2,2,10.2,Accounting Standard 23 Accounting for Investments in Associates in Consolidated Financial Statements,2.1,Introduction,10.11,M2_C10_U2,M2_C10_U2_T2.1,1,M2_C10_U2_T2.1_Introduction,M2,,,2
MODULE 2,10,Accounting Standards for Consolidated Financial Statements,Unit 2,2,10.2,Accounting Standard 23 Accounting for Investments in Associates in Consolidated Financial Statements,2.2,Objective,10.11,M2_C10_U2,M2_C10_U2_T2.2,2,M2_C10_U2_T2.2_Objective,M2,,,2
MODULE 2,10,Accounting Standards for Consolidated Financial Statements,Unit 2,2,10.2,Accounting Standard 23 Accounting for Investments in Associates in Consolidated Financial Statements,2.3,Definitions of the terms used in the Accounting Standard,10.111,M2_C10_U2,M2_C10_U2_T2.3,3,M2_C10_U2_T2.3_Definitions of the terms used in the Accounting Standard,M2,,,2
MODULE 2,10,Accounting Standards for Consolidated Financial Statements,Unit 2,2,10.2,Accounting Standard 23 Accounting for Investments in Associates in Consolidated Financial Statements,2.4,Associates Accounted for using the Equity method,10.114,M2_C10_U2,M2_C10_U2_T2.4,4,M2_C10_U2_T2.4_Associates Accounted for using the Equity method,M2,,,2
MODULE 2,10,Accounting Standards for Consolidated Financial Statements,Unit 2,2,10.2,Accounting Standard 23 Accounting for Investments in Associates in Consolidated Financial Statements,2.5,Circumstances under which Equity Method is followed,10.115,M2_C10_U2,M2_C10_U2_T2.5,5,M2_C10_U2_T2.5_Circumstances under which Equity Method is followed,M2,,,2
MODULE 2,10,Accounting Standards for Consolidated Financial Statements,Unit 2,2,10.2,Accounting Standard 23 Accounting for Investments in Associates in Consolidated Financial Statements,2.6,Application of the Equity Method,10.116,M2_C10_U2,M2_C10_U2_T2.6,6,M2_C10_U2_T2.6_Application of the Equity Method,M2,,,2
MODULE 2,10,Accounting Standards for Consolidated Financial Statements,Unit 2,2,10.2,Accounting Standard 23 Accounting for Investments in Associates in Consolidated Financial Statements,2.7,Contingencies,10.124,M2_C10_U2,M2_C10_U2_T2.7,7,M2_C10_U2_T2.7_Contingencies,M2,,,2
MODULE 2,10,Accounting Standards for Consolidated Financial Statements,Unit 2,2,10.2,Accounting Standard 23 Accounting for Investments in Associates in Consolidated Financial Statements,2.8,Why is Equity Method of Accounting Adopted for Investment in Associates?,10.124,M2_C10_U2,M2_C10_U2_T2.8,8,M2_C10_U2_T2.8_Why is Equity Method of Accounting Adopted for Investment in Associates?,M2,,,2
MODULE 2,10,Accounting Standards for Consolidated Financial Statements,Unit 2,2,10.2,Accounting Standard 23 Accounting for Investments in Associates in Consolidated Financial Statements,2.9,Disclosure,10.125,M2_C10_U2,M2_C10_U2_T2.9,9,M2_C10_U2_T2.9_Disclosure,M2,,,2
MODULE 2,10,Accounting Standards for Consolidated Financial Statements,Unit 2,2,10.2,Accounting Standard 23 Accounting for Investments in Associates in Consolidated Financial Statements,2.10,Relevant Explanations to AS 23,10.126,M2_C10_U2,M2_C10_U2_T2.10,10,M2_C10_U2_T2.10_Relevant Explanations to AS 23,M2,,,2
MODULE 2,10,Accounting Standards for Consolidated Financial Statements,Unit 3,3,10.3,Accounting Standard 27 Financial Reporting of Interests in Joint Ventures,3.1,Introduction,10.134,M2_C10_U3,M2_C10_U3_T3.1,1,M2_C10_U3_T3.1_Introduction,M2,,,3
MODULE 2,10,Accounting Standards for Consolidated Financial Statements,Unit 3,3,10.3,Accounting Standard 27 Financial Reporting of Interests in Joint Ventures,3.2,Scope,10.135,M2_C10_U3,M2_C10_U3_T3.2,2,M2_C10_U3_T3.2_Scope,M2,,,3
MODULE 2,10,Accounting Standards for Consolidated Financial Statements,Unit 3,3,10.3,Accounting Standard 27 Financial Reporting of Interests in Joint Ventures,3.3,Definitions,10.135,M2_C10_U3,M2_C10_U3_T3.3,3,M2_C10_U3_T3.3_Definitions,M2,,,3
MODULE 2,10,Accounting Standards for Consolidated Financial Statements,Unit 3,3,10.3,Accounting Standard 27 Financial Reporting of Interests in Joint Ventures,3.4,Contractual Arrangement,10.136,M2_C10_U3,M2_C10_U3_T3.4,4,M2_C10_U3_T3.4_Contractual Arrangement,M2,,,3
MODULE 2,10,Accounting Standards for Consolidated Financial Statements,Unit 3,3,10.3,Accounting Standard 27 Financial Reporting of Interests in Joint Ventures,3.5,Forms of Joint Ventures,10.138,M2_C10_U3,M2_C10_U3_T3.5,5,M2_C10_U3_T3.5_Forms of Joint Ventures,M2,,,3
MODULE 2,10,Accounting Standards for Consolidated Financial Statements,Unit 3,3,10.3,Accounting Standard 27 Financial Reporting of Interests in Joint Ventures,3.6,Jointly Controlled Operations (JCO),10.138,M2_C10_U3,M2_C10_U3_T3.6,6,M2_C10_U3_T3.6_Jointly Controlled Operations (JCO),M2,,,3
MODULE 2,10,Accounting Standards for Consolidated Financial Statements,Unit 3,3,10.3,Accounting Standard 27 Financial Reporting of Interests in Joint Ventures,3.7,Jointly Controlled Assets (JCA),10.143,M2_C10_U3,M2_C10_U3_T3.7,7,M2_C10_U3_T3.7_Jointly Controlled Assets (JCA),M2,,,3
MODULE 2,10,Accounting Standards for Consolidated Financial Statements,Unit 3,3,10.3,Accounting Standard 27 Financial Reporting of Interests in Joint Ventures,3.8,Jointly Controlled Entities (JCE),10.149,M2_C10_U3,M2_C10_U3_T3.8,8,M2_C10_U3_T3.8_Jointly Controlled Entities (JCE),M2,,,3
MODULE 2,10,Accounting Standards for Consolidated Financial Statements,Unit 3,3,10.3,Accounting Standard 27 Financial Reporting of Interests in Joint Ventures,3.9,Consolidated Financial Statements of a Venturer,10.154,M2_C10_U3,M2_C10_U3_T3.9,9,M2_C10_U3_T3.9_Consolidated Financial Statements of a Venturer,M2,,,3
MODULE 2,10,Accounting Standards for Consolidated Financial Statements,Unit 3,3,10.3,Accounting Standard 27 Financial Reporting of Interests in Joint Ventures,3.10,Transactions between a Venturer and Joint Venture,10.161,M2_C10_U3,M2_C10_U3_T3.10,10,M2_C10_U3_T3.10_Transactions between a Venturer and Joint Venture,M2,,,3
MODULE 2,10,Accounting Standards for Consolidated Financial Statements,Unit 3,3,10.3,Accounting Standard 27 Financial Reporting of Interests in Joint Ventures,3.11,Reporting Interests in Joint Ventures in the Financial Statements of an Investor,10.162,M2_C10_U3,M2_C10_U3_T3.11,11,M2_C10_U3_T3.11_Reporting Interests in Joint Ventures in the Financial Statements of an Investor,M2,,,3
MODULE 2,10,Accounting Standards for Consolidated Financial Statements,Unit 3,3,10.3,Accounting Standard 27 Financial Reporting of Interests in Joint Ventures,3.12,Operators of Joint Ventures,10.162,M2_C10_U3,M2_C10_U3_T3.12,12,M2_C10_U3_T3.12_Operators of Joint Ventures,M2,,,3
MODULE 2,10,Accounting Standards for Consolidated Financial Statements,Unit 3,3,10.3,Accounting Standard 27 Financial Reporting of Interests in Joint Ventures,3.13,Disclosure,10.162,M2_C10_U3,M2_C10_U3_T3.13,13,M2_C10_U3_T3.13_Disclosure,M2,,,3
MODULE 3,11,Financial Statements of Companies,Unit 1,1,11.1,Preparation of Financial Statements,1.1,Meaning of Company,11.2,M3_C11_U1,M3_C11_U1_T1.1,1,M3_C11_U1_T1.1_Meaning of Company,M3,,,1
MODULE 3,11,Financial Statements of Companies,Unit 1,1,11.1,Preparation of Financial Statements,1.2,Maintenance of Books of Account,11.6,M3_C11_U1,M3_C11_U1_T1.2,2,M3_C11_U1_T1.2_Maintenance of Books of Account,M3,,,1
MODULE 3,11,Financial Statements of Companies,Unit 1,1,11.1,Preparation of Financial Statements,1.3,Statutory Books,11.9,M3_C11_U1,M3_C11_U1_T1.3,3,M3_C11_U1_T1.3_Statutory Books,M3,,,1
MODULE 3,11,Financial Statements of Companies,Unit 1,1,11.1,Preparation of Financial Statements,1.4,Annual Return,11.1,M3_C11_U1,M3_C11_U1_T1.4,4,M3_C11_U1_T1.4_Annual Return,M3,,,1
MODULE 3,11,Financial Statements of Companies,Unit 1,1,11.1,Preparation of Financial Statements,1.5,Final Accounts,11.1,M3_C11_U1,M3_C11_U1_T1.5,5,M3_C11_U1_T1.5_Final Accounts,M3,,,1
MODULE 3,11,Financial Statements of Companies,Unit 1,1,11.1,Preparation of Financial Statements,1.6,Distributable Profit,11.18,M3_C11_U1,M3_C11_U1_T1.6,6,M3_C11_U1_T1.6_Distributable Profit,M3,,,1
MODULE 3,11,Financial Statements of Companies,Unit 2,2,11.2,Cash Flow Statement,2.1,Introduction,11.73,M3_C11_U2,M3_C11_U2_T2.1,1,M3_C11_U2_T2.1_Introduction,M3,,,2
MODULE 3,11,Financial Statements of Companies,Unit 2,2,11.2,Cash Flow Statement,2.2,Elements of Cash,11.75,M3_C11_U2,M3_C11_U2_T2.2,2,M3_C11_U2_T2.2_Elements of Cash,M3,,,2
MODULE 3,11,Financial Statements of Companies,Unit 2,2,11.2,Cash Flow Statement,2.3,Classification of Cash Flow Activities,11.76,M3_C11_U2,M3_C11_U2_T2.3,3,M3_C11_U2_T2.3_Classification of Cash Flow Activities,M3,,,2
MODULE 3,11,Financial Statements of Companies,Unit 2,2,11.2,Cash Flow Statement,2.4,Calculation of Cash Flows from Operating Activities,11.8,M3_C11_U2,M3_C11_U2_T2.4,4,M3_C11_U2_T2.4_Calculation of Cash Flows from Operating Activities,M3,,,2
MODULE 3,11,Financial Statements of Companies,Unit 2,2,11.2,Cash Flow Statement,2.5,Calculation of Cash Flows from Investing Activities,11.82,M3_C11_U2,M3_C11_U2_T2.5,5,M3_C11_U2_T2.5_Calculation of Cash Flows from Investing Activities,M3,,,2
MODULE 3,11,Financial Statements of Companies,Unit 2,2,11.2,Cash Flow Statement,2.6,Calculation of Cash Flows from Financing Activities,11.82,M3_C11_U2,M3_C11_U2_T2.6,6,M3_C11_U2_T2.6_Calculation of Cash Flows from Financing Activities,M3,,,2
MODULE 3,11,Financial Statements of Companies,Unit 2,2,11.2,Cash Flow Statement,2.7,Illustrations,11.83,M3_C11_U2,M3_C11_U2_T2.7,7,M3_C11_U2_T2.7_Illustrations,M3,,,2
MODULE 3,12,Buy Back of Securities,-,,12,Buyback of Securities,1,Introduction,12.2,M3_C12_U0,M3_C12_U0_T1,1,M3_C12_U0_T1_Introduction,M3,,,-
MODULE 3,12,Buy Back of Securities,-,,12,Buyback of Securities,2,"Provisions of Section 70 of the Companies Act, 2013",12.6,M3_C12_U0,M3_C12_U0_T2,2,"M3_C12_U0_T2_Provisions of Section 70 of the Companies Act, 2013",M3,,,-
MODULE 3,13,Amalgamation of Companies,-,,13,Amalgamation of Companies,1,Introduction,13.2,M3_C13_U0,M3_C13_U0_T1,1,M3_C13_U0_T1_Introduction,M3,,,-
MODULE 3,13,Amalgamation of Companies,-,,13,Amalgamation of Companies,2,Meaning of Amalgamation,13.3,M3_C13_U0,M3_C13_U0_T2,2,M3_C13_U0_T2_Meaning of Amalgamation,M3,,,-
MODULE 3,13,Amalgamation of Companies,-,,13,Amalgamation of Companies,3,Types of Amalgamation,13.5,M3_C13_U0,M3_C13_U0_T3,3,M3_C13_U0_T3_Types of Amalgamation,M3,,,-
MODULE 3,13,Amalgamation of Companies,-,,13,Amalgamation of Companies,4,Purchase Consideration,13.7,M3_C13_U0,M3_C13_U0_T4,4,M3_C13_U0_T4_Purchase Consideration,M3,,,-
MODULE 3,13,Amalgamation of Companies,-,,13,Amalgamation of Companies,5,Methods of Accounting for Amalgamations,13.18,M3_C13_U0,M3_C13_U0_T5,5,M3_C13_U0_T5_Methods of Accounting for Amalgamations,M3,,,-
MODULE 3,13,Amalgamation of Companies,-,,13,Amalgamation of Companies,6,Journal Entries to close the books of Vendor Company,13.21,M3_C13_U0,M3_C13_U0_T6,6,M3_C13_U0_T6_Journal Entries to close the books of Vendor Company,M3,,,-
MODULE 3,13,Amalgamation of Companies,-,,13,Amalgamation of Companies,7,Entries in the books of Purchasing Company,13.29,M3_C13_U0,M3_C13_U0_T7,7,M3_C13_U0_T7_Entries in the books of Purchasing Company,M3,,,-
MODULE 3,14,Accounting for Reconstruction of Companies,-,,14,Internal Reconstruction,1,Meaning of reconstruction,14.2,M3_C14_U0,M3_C14_U0_T1,1,M3_C14_U0_T1_Meaning of reconstruction,M3,,,-
MODULE 3,14,Accounting for Reconstruction of Companies,-,,14,Internal Reconstruction,2,Methods of internal reconstruction,14.4,M3_C14_U0,M3_C14_U0_T2,2,M3_C14_U0_T2_Methods of internal reconstruction,M3,,,-
MODULE 3,14,Accounting for Reconstruction of Companies,-,,14,Internal Reconstruction,3,Alteration of Share Capital,14.4,M3_C14_U0,M3_C14_U0_T3,3,M3_C14_U0_T3_Alteration of Share Capital,M3,,,-
MODULE 3,14,Accounting for Reconstruction of Companies,-,,14,Internal Reconstruction,4,Variation of Shareholders Rights,14.9,M3_C14_U0,M3_C14_U0_T4,4,M3_C14_U0_T4_Variation of Shareholders Rights,M3,,,-
MODULE 3,14,Accounting for Reconstruction of Companies,-,,14,Internal Reconstruction,5,Reduction of Share Capital,14.9,M3_C14_U0,M3_C14_U0_T5,5,M3_C14_U0_T5_Reduction of Share Capital,M3,,,-
MODULE 3,14,Accounting for Reconstruction of Companies,-,,14,Internal Reconstruction,6,Compromise/Arrangements,14.11,M3_C14_U0,M3_C14_U0_T6,6,M3_C14_U0_T6_Compromise/Arrangements,M3,,,-
MODULE 3,14,Accounting for Reconstruction of Companies,-,,14,Internal Reconstruction,7,Surrender of Shares,14.12,M3_C14_U0,M3_C14_U0_T7,7,M3_C14_U0_T7_Surrender of Shares,M3,,,-
MODULE 3,14,Accounting for Reconstruction of Companies,-,,14,Internal Reconstruction,8,Entries in case of internal reconstruction,14.12,M3_C14_U0,M3_C14_U0_T8,8,M3_C14_U0_T8_Entries in case of internal reconstruction,M3,,,-
MODULE 3,15,Accounting for Branches including Foreign Branches,-,,15,Accounting for Branches including Foreign Branches,1,Introduction,15.2,M3_C15_U0,M3_C15_U0_T1,1,M3_C15_U0_T1_Introduction,M3,,,-
MODULE 3,15,Accounting for Branches including Foreign Branches,-,,15,Accounting for Branches including Foreign Branches,2,Distinction between Branch Accounts and Departmental Accounts,15.3,M3_C15_U0,M3_C15_U0_T2,2,M3_C15_U0_T2_Distinction between Branch Accounts and Departmental Accounts,M3,,,-
MODULE 3,15,Accounting for Branches including Foreign Branches,-,,15,Accounting for Branches including Foreign Branches,3,Dependent Branches,15.4,M3_C15_U0,M3_C15_U0_T3,3,M3_C15_U0_T3_Dependent Branches,M3,,,-
MODULE 3,15,Accounting for Branches including Foreign Branches,-,,15,Accounting for Branches including Foreign Branches,4,Methods of Charging Goods to Branches,15.5,M3_C15_U0,M3_C15_U0_T4,4,M3_C15_U0_T4_Methods of Charging Goods to Branches,M3,,,-
MODULE 3,15,Accounting for Branches including Foreign Branches,-,,15,Accounting for Branches including Foreign Branches,5,Accounting for Dependent Branches,15.6,M3_C15_U0,M3_C15_U0_T5,5,M3_C15_U0_T5_Accounting for Dependent Branches,M3,,,-
MODULE 3,15,Accounting for Branches including Foreign Branches,-,,15,Accounting for Branches including Foreign Branches,6,Accounting for Independent Branches,15.41,M3_C15_U0,M3_C15_U0_T6,6,M3_C15_U0_T6_Accounting for Independent Branches,M3,,,-
MODULE 3,15,Accounting for Branches including Foreign Branches,-,,15,Accounting for Branches including Foreign Branches,7,Adjustment and Reconciliation of Branch& Head Office Accounts,15.44,M3_C15_U0,M3_C15_U0_T7,7,M3_C15_U0_T7_Adjustment and Reconciliation of Branch& Head Office Accounts,M3,,,-
MODULE 3,15,Accounting for Branches including Foreign Branches,-,,15,Accounting for Branches including Foreign Branches,8,Incorporation of Branch Balance in Head Office Books,15.53,M3_C15_U0,M3_C15_U0_T8,8,M3_C15_U0_T8_Incorporation of Branch Balance in Head Office Books,M3,,,-
MODULE 3,15,Accounting for Branches including Foreign Branches,-,,15,Accounting for Branches including Foreign Branches,9,Incomplete Information in Branch Books,15.64,M3_C15_U0,M3_C15_U0_T9,9,M3_C15_U0_T9_Incomplete Information in Branch Books,M3,,,-
MODULE 3,15,Accounting for Branches including Foreign Branches,-,,15,Accounting for Branches including Foreign Branches,10,Foreign Branches,15.67,M3_C15_U0,M3_C15_U0_T10,10,M3_C15_U0_T10_Foreign Branches,M3,,,-
MODULE 3,15,Accounting for Branches including Foreign Branches,-,,15,Accounting for Branches including Foreign Branches,11,Accounting for Foreign Branches,15.68,M3_C15_U0,M3_C15_U0_T11,11,M3_C15_U0_T11_Accounting for Foreign Branches,M3,,,-
MODULE 3,15,Accounting for Branches including Foreign Branches,-,,15,Accounting for Branches including Foreign Branches,12,Techniques for Foreign Currency Translation,15.69,M3_C15_U0,M3_C15_U0_T12,12,M3_C15_U0_T12_Techniques for Foreign Currency Translation,M3,,,-
MODULE 3,15,Accounting for Branches including Foreign Branches,-,,15,Accounting for Branches including Foreign Branches,13,Change in Classification,15.71,M3_C15_U0,M3_C15_U0_T13,13,M3_C15_U0_T13_Change in Classification,M3,,,-